,C00,C11,C22,C33,C44,C55,C01,C02,C12
# Shape0.0,0.052368473807177615,0.049369570818325305,0.05101599716131031,0.05800733524568994,0.06451627286816833,0.06247142784922387,0.04011383613040811,0.03401347956988156,0.03454056834925235
# Shape1.0,0.009728755938683041,0.006305168833401592,0.0010170714709469807,0.025466539241357757,0.025287656186913383,0.01919936441402839,-0.01253797694341756,-0.007453548970555923,-0.008060296310496717
# Shape2.0,-0.06209722974596319,-0.055674739648083074,-0.05203306862140473,-0.08347387446812052,-0.0898039290385754,-0.08167079223919206,-0.027575859189582268,-0.02655993060393454,-0.02648027204123602
Density,0.09280246068442298,0.09977648527950164,0.10161529751599492,0.12266318419252274,0.1255680086730626,0.1271206111963403,0.04803824882607625,0.047141804152266056,0.05087304026770703
Lx,0.12673122227219769,0.12983267180026228,0.11799196071720718,0.15006823461216506,0.1531234642607856,0.14939137665152535,0.06510158081941271,0.06335158164967533,0.0642733791448989
Ly,0.11802813539936574,0.11712181231411067,0.12219118084406087,0.14791596053942974,0.14678986867983002,0.1409839792409162,0.06820579495546902,0.06616095784777842,0.06512233816822889
Lz,0.11280923759311325,0.12339689095017206,0.12150309059196604,0.15168066494361132,0.1521277314313834,0.1444384159825401,0.06263703309248306,0.06016334567838855,0.05701857070695425
(omega^2)_0,-0.33249398290028753,-0.36832528593799146,-0.20089524607206818,0.3077272640363549,0.2951479296358819,0.31354273817173967,0.13200851260848906,0.13994089469358295,0.1378786667306722
(omega^2)_1,0.13782238806857303,0.12600991601232794,-0.0724922145850235,-0.8461672726101738,-0.7904530866169988,-0.6883858361551055,-0.30130876040515225,-0.3792445032259629,-0.3369747848028216
(omega^2)_2,0.3561701672338018,0.3654420802828503,0.20943794565975335,0.09144173825638728,0.10685160427173208,0.026199010557922994,0.2388509481789844,0.2500225836043869,0.22591945226744223
(omega^2)_3,0.17585829500746533,0.28471579346796994,0.2817706810524768,0.3672102977318785,0.42324064732936173,0.4939136126080286,0.008912692006142434,-0.008862882617072229,-0.002029623698054414
(omega^2)_4,-0.5815799245118022,-0.6019294771303607,-0.39504102605523195,0.3099813540021289,0.247852062556912,0.07533111880974637,-0.22124599563336467,-0.1336352961780067,-0.1368261783987227
(omega^2)_5,0.26518946285303696,0.19641084515199522,0.22946864870665096,0.6589800910296061,0.5397378972264808,0.4188381679334109,0.4557271832532013,0.591855786511336,0.5721575289154033
(omega^2)_6,-0.1306543956663371,-0.06872027362343992,0.1221173897546363,-0.3338641560553416,-0.2971915106785293,-0.2208305094548491,-0.5454325845765253,-0.6860896388351605,-0.6826965755808505
(omega^2)_7,0.5123801618086266,0.49050510899906813,0.02771234833736451,-0.13305957176154115,-0.11318811603488457,-0.14627746390247984,0.10563648361364326,0.25373307015276936,0.2572803848086165
(omega^2)_8,-0.0944984651365422,-0.0933965510617526,-0.05527552118891388,-0.2936738253071197,-0.2871607589779744,0.030662218332369318,0.2542859228697903,0.154109341820932,0.16367016843431734
(omega^2)_9,-0.32102944925848653,-0.2926002766671735,-0.2681008931818311,-0.05112971969723071,-0.004715263059335173,-0.1418236843125713,-0.3551493189458006,-0.4743424714404421,-0.4776363654711685
(omega^2)_10,0.7074228393823647,0.7099258025858891,0.7595304307709901,0.8622542985449037,0.9002677303537381,0.8006272468503711,0.6813693943903756,0.8007965943383843,0.8057240715115231
(omega^2)_11,-0.5156653364486217,-0.660253465514407,-0.13034960972158857,-0.3843317353146568,-0.5201893612337191,-0.46406857473373375,0.05685082336199565,-0.0970550588239435,-0.1531601681617456
(omega^2)_12,0.45060477614679073,0.7783948750100704,-0.09130055593066377,0.01799283921405867,0.046223082097860885,0.04061345057979404,-0.42831675965758775,-0.456242312759222,-0.4301991570420298
(omega^2)_13,-0.32608841916867426,-0.5215620838821098,0.028378517286562377,-1.3054507406930345,-1.225952337939966,-1.1513502581896367,-0.01777037341318699,0.05808497168859528,0.1366399347359136
(omega^2)_14,-0.5597658892158562,-0.723131457144125,-0.6913907289107721,0.30565484458199077,0.17460253775969237,0.2715375207617211,-0.27235465575136053,-0.44337945748734564,-0.4897162315834874
(omega^2)_15,0.7419749088869976,0.8080641456386441,0.8997640233655071,0.7566967805551784,0.7847309471323934,0.6665294943338442,-0.1782756529788454,0.16109212900203335,0.14428784076965095
(omega^2)_16,-0.12993797249761035,-0.13715923991964413,0.08553240197009337,-0.6262654699763274,-0.5702683004477107,-0.5520985556609981,-0.060151174370590754,-0.024996268466984328,-0.07794410453024347
(omega^2)_17,-0.6772612741352431,-0.41710091520397463,-0.999570567786313,-0.7385495565069674,-0.9348239306824911,-0.9646470504475967,-0.20222005527018697,-0.23461725694664598,-0.08663294402179389
(omega^2)_18,0.31764107243266404,0.4113115187916099,0.6627811355960115,0.5696234576460065,0.8174876180257337,0.3032271584129498,1.008969559698727,0.8206006053905878,0.6952795653796517
(omega^2)_19,-0.3526605302700919,-0.6130574782982683,-0.57949786968277,-0.6272256800319067,-0.7003764355200596,-0.08583170112267391,0.43992682067117006,0.3629214981434562,0.3279280747692683
(omega^2)_20,1.1771080932823619,1.105431928214287,1.1133681884132125,1.9161825010729596,1.980452668911242,1.743903488754658,0.14463193301418276,0.2857345136205502,0.2896020274950655
(omega^2)_21,-0.7595705432802738,-0.6975002977598275,-0.649829730422281,-0.5674827112672124,-0.6603826118389163,-0.6936679089294968,-0.7935429104069922,-0.7190702191401972,-0.9069138791543047
(omega^2)_22,-0.20659871562946303,-0.26632485745304185,-0.36857477477013134,0.18179443651577215,0.060665069167748664,0.36428667920310237,0.4875099648150718,0.6852799885232564,0.9681068511084343
(omega^2)_23,0.46590877836659095,0.47985058431262506,0.20540976778642472,0.7624355526440652,0.9671960716799753,0.5655278184947643,0.3674142987807074,0.005708040332337516,-0.060232577400350595
(omega^2)_24,0.2881235475590891,0.14889294657557062,0.44682784816655485,-0.2560864532295408,-0.18979186643021584,0.12520405543297097,-0.3906675670637918,-0.26989300502853764,-0.1763625953265231
(omega^2)_25,0.8803194957849627,1.0837933817320506,0.7570799931930864,2.144768791030323,2.192214987843509,1.691605088262868,0.3201993685795428,0.32043506335794303,0.0859482269076276
(omega^2)_26,-0.4811895931588216,-0.7655547373413902,-0.4307559041359429,-1.464680623827335,-1.7911702782216086,-1.7182674347535913,-1.1779268785284116,-1.1948055542662406,-1.0498085412646463
(omega^2)_27,0.4574015259297498,0.5607664167765237,0.11723109386093863,-0.7023098388335988,-0.24474144082686133,0.25681541576985145,0.5242214607727027,0.7905049054978754,0.7317087988602788
(omega^2)_28,-0.29783185762586967,-0.08195630769130838,-0.7392474628182463,-0.7559082787815874,-1.1164460781855603,-1.5345317747271394,-0.5975101263060288,-0.6696823951789597,-0.6784667123316581
(omega^2)_29,-1.0859292210535472,-1.6322953556782231,-0.9338002414155084,-0.35754871831154356,-0.3815065054769511,-0.22780254731919936,-0.12519092460115333,-0.37369591819418774,-0.36803667308505944
(omega^2)_30,0.9499853994433424,1.1654673891712761,1.760602256223002,-0.10425984500140029,-0.012746716182140405,0.15978751903538901,1.0986970639150553,0.9679449141378185,1.0963547359627719
(omega^2)_31,-0.27767181398622165,0.3055127093678395,-0.018771458694356147,1.6830703751686928,1.6302771805884868,1.5912024059674958,-1.0175740545448122,-0.9222632550870771,-0.8964550208430647
(omega^2)_32,0.08505873331743308,-0.2792236406603079,-0.7992276261104685,-1.047943882612219,-1.0567260840256798,-0.8833349177071755,-0.13905614128830596,-0.06333864367946657,0.048541246314375175
(omega^2)_33,0.478098724898486,0.4792446742148396,1.362007951095327,1.1621050743429417,1.122507743662092,0.8022723270410945,1.5236939841021395,1.065459198200266,0.8989119462133134
(omega^2)_34,-1.03965692806318,-1.2291962178913962,-1.7485341856261947,-1.4276007611533634,-1.291843160535437,-1.2249056764874786,-0.7088866588199051,-0.3018915883231101,-0.4146093353465741
(omega^2)_35,-0.21248827582563207,0.11541611885945441,0.3845238787650763,-0.4141793217376905,-0.4874509648387945,0.1927917866783435,0.6720828982499014,0.568146548268742,0.4583443766421702
(omega^2)_36,-0.6860274223469023,-0.8674010836455361,-0.7132044035871195,0.5676787711303362,0.6755996638651298,0.12999788102190407,-1.7857291984673338,-1.6314007400727375,-1.5116835012934682
(omega^2)_37,1.6658496427115688,1.8279540100785345,1.464659395750051,1.7476238415281813,1.951286775548479,1.9062550913255802,1.0885385826099887,0.8296362353937115,0.7490257462414787
(omega^2)_38,-0.13446687871351592,-0.15559287121666898,-0.27604635515017084,-0.6117691589236698,-0.635899273754742,-1.1589700614104825,0.2925408861151535,0.8241497631361079,0.9512690893322823
(omega^2)_39,0.9658057854576116,0.6066991830644479,0.8382294340880696,1.1530226338559808,0.80937614925152,1.2658522166005748,-0.22751338638735483,-0.3559670404513253,-0.37544708724549464
(omega^2)_40,-1.9358197926676088,-1.491328103299597,-2.2263871043235293,-3.448737319216362,-3.240494596752833,-3.3719075941288645,0.3493712744834802,0.2514226496885521,0.10488933516502887
(omega^2)_41,0.38808335831393137,-0.08178423869348767,0.31863779306782125,1.6936658140747871,1.8076262006221746,0.9184910530098562,-0.6676121418853895,-0.4234333190485702,-0.30750585170500166
(omega^2)_42,0.5605689326780878,1.2024749125273526,1.3864699362416477,0.0902712480074328,-0.193860355087482,1.3753586820034112,0.5599917187213993,0.34262560123294244,0.6019703186157638
(omega^2)_43,-0.2528227490098529,-0.2725863137142239,-1.1676829155918995,-0.4147726077943402,-0.4739760504197861,-1.7148836995865135,-2.829810479928962,-3.1973562651730543,-3.4808199213067397
(omega^2)_44,0.8133852224821182,0.47616966576378994,1.0096602042865224,-0.17967292137951935,0.1827980724303926,1.4785981412135247,2.016737371202167,2.6625053421457565,2.886202634180764
(omega^2)_45,-0.7122514530170604,-0.477389421575214,0.2644477726523855,1.322274151873144,0.9016950059684312,0.22640775492554507,0.5135458818080849,0.5607102710773972,0.17236315921375012
(omega^2)_46,-0.07196306041786737,-0.4065454432981499,-1.3373717078723968,-2.0326201738716607,-1.8305836475855937,-2.1221607136390306,-0.47194304779475343,-0.7338257709512563,-0.43424961547478963
(omega^2)_47,-0.02533641324456329,1.1415673698653255,1.3354575121580146,1.2671100280884628,1.424750920474093,2.2010587082485773,1.4970127416737948,1.0076575929665288,1.320103494321702
(omega^2)_48,-0.6353698569655042,-2.2274371829867605,-1.6251238362533529,-1.3746228442262722,-1.858486705683803,-2.6341415250411897,-1.8562334630337443,-0.8832206218273564,-1.201446147005721
(omega^2)_49,0.4538907288109335,1.1319018760661617,0.09372573679981087,-0.7642694044149368,-0.487168411058796,-0.6230178886571034,0.2856272272385214,0.05328752498240141,0.44085082130166325
(omega^2)_50,-0.640230414109216,-1.6269959365772662,0.11090205909799425,0.8924178309605448,1.19074739249604,1.2060764944408677,0.7754599786390265,-0.07474653795421374,-0.4369350040713136
(omega^2)_51,-0.4836549220333973,0.4686899420947506,0.2927205191887008,0.9634517895821306,1.057759237906903,1.018452349843233,-1.8939309390899208,-1.1439755667741625,-1.28967958915709
(omega^2)_52,-0.6725374326428697,-0.8838570001713322,-1.3665228188128307,-0.9070357598887695,-0.7892774267086659,-0.47598955646953245,-0.003602392361702955,-0.06837091564447229,0.26107157926016533
(omega^2)_53,2.274437431279376,3.5417285957662994,3.411140732620074,3.9448210748323445,3.6312172362951842,4.356279652997672,0.8395099933019818,0.7150893689966319,0.8210563337457343
(omega^2)_54,-3.5341854350490265,-4.298315960420533,-4.888498181669012,-4.934146378169715,-5.139802179015779,-6.433339992561411,-2.293025996301458,-3.2029288312714472,-3.368259439205276
(omega^2)_55,2.3227468369985482,2.2923040792212444,3.4784607748897582,2.396218829785676,2.1611523659679417,3.424591938911605,3.1982478719661875,3.9915017578872676,3.8759393782028964
(omega^2)_56,0.5532887162414495,0.2403589422709853,-0.16825280469698417,-0.13114897913644963,0.24359476685062337,-0.5412552655924916,0.5171546198147163,0.3823385047158815,0.4149322379973768
(omega^2)_57,-0.7570306595467613,-1.1190901489526979,-0.3091898179159115,-3.350458961295218,-3.6795719902303574,-2.927189714772178,0.7305683510305448,0.6176598496314789,0.9645909551165083
(omega^2)_58,1.6243584669582831,1.8851553528954144,1.6965505635671465,4.85286275907659,5.048558870805368,4.45834772442047,-0.6151430254735488,-0.02106961055950421,-0.42373265851013575
(omega^2)_59,-0.03470455234199149,-0.12648386094610206,-2.0993855887707764,-0.6558661686388282,-0.602425438530782,-0.5873286534390245,-0.7098005350920631,-0.28133432635027644,-0.2206279745333154
(omega^2)_60,-1.4363990556759547,-1.4553236661287816,0.22483846501129046,-1.4546347251325362,-1.808647772819784,-1.0215248954693115,-0.4178407154913798,-0.5013864155477596,-0.3742114005673083
(omega^2)_61,1.9393862319214938,2.7539769887739705,2.6669445058833356,2.8409270691333948,2.4958527177642473,1.7478494231455668,2.2473164607711786,1.4552784164056465,1.2654335859885235
(omega^2)_62,-2.7509807411117806,-3.352049525574859,-2.256411134869198,-3.2294951019306892,-2.4251703693132125,-1.9141112739494983,-2.0617844697603163,-1.9638554583739498,-1.983774947902913
(omega^2)_63,1.4899403979242118,2.2183884569148447,0.2501087072064717,-1.4080581972010533,-1.4349318230545274,-1.158483037963569,0.946663763028764,0.7449644202362107,0.7323053999503777
(omega^2)_64,3.2679543930193558,3.054017649459439,2.746180497431873,4.506698690878082,4.399516218301892,3.3463390045653205,-0.44945572079990365,0.07228610494586252,0.14873331939176904
(omega^2)_65,-1.2949148649002282,-2.237321227702963,-1.6492690210247094,1.6093100643905829,1.3730924736110406,1.6192247541618476,1.1429089892683226,0.6573502084830319,0.8654381854483103
(omega^2)_66,-3.240909929060373,-2.493534550624297,-0.7631236386867496,-2.772288700518443,-2.49154577894845,-2.545169835195277,-1.99940066051369,-1.6276881551490376,-1.8128696872961039
(omega^2)_67,3.3188981424368285,2.1196423099997057,0.9493402122807111,-0.3745619185546192,-0.2900436417146435,0.0939255882995208,2.0774223918472154,2.507352023679071,2.4132193770083292
(omega^2)_68,-1.9596709997426314,-0.09740590324815235,-1.3006675090406121,-0.2820985103741337,-0.21901686024369482,-0.5209329129054153,-2.579634554550928,-3.2651950320632257,-3.0955441242590798
(omega^2)_69,-0.8969185854569641,-1.7108498212360574,-1.7306127719628641,-1.8089640229087887,-2.118960020696879,-0.51234658209856,0.4403754840145495,1.0288077355571115,1.096022979023517
(omega^2)_70,1.7001020058545027,1.5837426743295357,3.641888541634839,4.580399702876494,4.871945275158367,3.4794105443886574,1.5627782352370438,1.1259293726676816,0.8412077942516284
(omega^2)_71,-0.3188212227844812,-0.4240312256553771,-0.946632242473877,-2.9995187798213396,-3.2155701569378072,-2.875157003115964,0.03974300884506993,0.6173065280266556,0.3421417376360458
(omega^2)_72,-1.1053580347094516,-0.6746665799920657,-1.0782619146105894,-1.5666015306601273,-1.095096134578562,-2.078414572594078,-1.188835188777624,-1.775592925350562,-1.2756130057345643
(omega^2)_73,-1.9291077763000257,-2.2624138394461233,-1.369046526655465,0.12306486621762097,-0.31454272793054944,1.0036502437006019,-0.39066853058754614,-0.7558834208678412,-0.5441498843623687
(omega^2)_74,0.029878252762981006,-0.6658297108629379,-2.212177267569694,-4.379532982844138,-4.583083632979078,-5.661085711104324,-0.8146864880853404,-0.7130620770889784,-1.0845447641052868
(omega^2)_75,1.584820624477786,2.1584947840284756,2.3956883793861072,7.30822418902457,7.296940591896459,8.445231833682591,0.23230462876270766,-0.33758368448076853,-0.2754654823214476
(omega^2)_76,0.4983473912054228,-0.09969376051149781,-0.3676842335624023,-3.9505808276844308,-3.756604165203466,-4.720794487763302,0.31937635287270494,1.287465881483245,1.3880978027726485
(omega^2)_77,0.7717044584679082,0.0894824179908233,-0.043163781639320165,0.9415973067242153,0.36773585847152146,-0.07124895723786201,1.540671167006061,0.9296002917316222,0.9513844084349418
(omega^2)_78,-0.21265857562807422,2.480734171682501,0.3850218966499183,-0.4482753637906502,0.17660155071407954,1.131214389996481,-0.7947671540750472,-1.9368449759366368,-1.6597908014089937
(omega^2)_79,0.6573210214348454,-0.7108336243439863,1.1014995651332153,2.4511696891722146,2.3150308959252,1.1138364412321629,-0.20118463644556733,0.7899243369973699,0.3354038877289978
(omega^2)_80,-2.9273185906716046,-2.831902000195141,-0.17789190158718776,-1.3096616333741498,-1.3949780959460805,-0.8993087461872094,-1.6760484271669585,-1.359656777541736,-1.1647571861627006
(omega^2)_81,0.8151398455691932,0.804931996001064,-0.6934976710058345,-1.5165668174710607,-0.8921556350258159,-1.5362935056486398,1.6976824697205872,0.7967022179162855,0.468352368017133
(omega^2)_82,1.8365498962583886,1.265716112004009,2.610305314725352,3.3596434951506398,2.2915597340186062,3.037443036465173,-1.4063758351924984,0.19825609820356496,0.650235288655893
(omega^2)_83,-0.6962691517091099,-0.36147143443139834,-1.8423584865156961,-2.849075566547967,-2.504347778992111,-2.284083722213863,2.4215987697335706,2.0513841666619834,1.883106052981323
(omega^2)_84,0.14373145136643656,0.006332449494460712,0.7787193476053715,0.8756646793545529,1.3201808001243052,1.1409761125772193,-0.35420883531883784,-0.7000235418265155,-1.108999688826598
(omega^2)_85,1.1221833143309077,1.4727719511138258,0.6437202464978663,2.4159019871108613,2.2697595466532894,4.344707028225911,0.7710042515312783,1.1455873527330227,1.3767042186450908
(omega^2)_86,1.3470881175973028,1.4524081036129388,-0.1612284478099573,-2.105644709095485,-2.191977863420794,-3.307743494482416,-0.5082852958094543,-0.04256339514472619,0.18102094130105334
(omega^2)_87,-1.6491243676677851,-2.2143044818760496,0.03576045679055834,1.0918430641856112,1.0496094633508535,1.416414211444523,1.65766181899282,1.027212382981192,0.6268870603786221
(omega^2)_88,2.08384869295743,2.2187760494667033,-0.4319679263910997,0.951374049812097,1.6332782559269294,0.4804356122921656,-2.1201379202409885,-1.9968516028540084,-1.957851076841958
(omega^2)_89,-2.1780657325002277,-1.5657841100722694,-1.0270052672972558,-2.3939982810777387,-2.956240628377305,-2.833131254250398,1.253405095824591,1.719501689916064,1.4237132645427217
(omega^2)_90,0.7339603767591532,-0.26952264780719654,4.023768419547493,5.9668292548879895,5.326854330573488,5.3097029292264395,-0.4273916350418263,-0.28948803452976307,-0.14356237701068392
(omega^2)_91,-1.3677322790494524,-0.05867671637939506,-4.339452435218696,-7.925488235107229,-7.497475670212754,-8.015885774178916,0.7922765696032875,-0.7668290059140013,-0.6091782730724825
(omega^2)_92,0.8012819574020011,-0.9945521800443267,0.761066658637136,0.7358269232726494,0.9240226166319225,1.929359595992607,-1.8831738456759448,-0.5197818503951626,-0.5177528984872581
(omega^2)_93,0.7704272135902938,3.0837878736788,0.5634653212776428,2.2681449420636763,1.6091529141051455,2.0231984140704156,1.4367940676660924,1.137114094378507,1.7194732751866477
(omega^2)_94,-3.4689984037975417,-6.751983106073756,-1.471697014136751,-1.4185926246267222,-0.9644232820472589,-2.876459755375686,-1.732095384148307,-2.4279236112643305,-2.967613320219986
(omega^2)_95,0.7178897467436114,3.319423421299112,-1.8469498194647094,0.5386305796338243,0.4892966110024827,1.8540230333689283,-0.6265507198002007,-0.46518204093928006,-0.15821861932322961
(omega^2)_96,0.4283453038883821,0.12229366661982034,3.1392079746104766,-0.6102607062018153,0.10360338556772491,-0.5545287932681897,2.9248567886298633,3.3467679941337165,2.9122265402419525
(omega^2)_97,0.9974807724802911,0.496155976320626,-1.3848252970156563,0.7409259234853651,0.44305904153268955,-0.3217843154403881,-1.1447909513208876,-1.438543151956002,-1.41925397518844
(omega^2)_98,-0.5353816060421471,-0.25621454279195,0.4673661701558624,-1.2798562786551972,-1.3243273756611225,-0.2877066864903493,-2.233252769901874,-1.135274961719698,-1.1079444081089904
(omega^2)_99,0.22401126206594496,-0.10883491102389545,1.2714474568233842,3.7905318702264603,4.25894105670235,4.240900495368364,1.145583244752863,0.05779895119713552,-0.08746075997250347
(omega^2)_100,-0.09840651186330171,-0.5551519297771284,-1.0392572825760724,-3.484029361663663,-3.5919162378059126,-4.985461879800979,0.6161785738749325,0.8605926024932784,1.1748259723179384
(omega^2)_101,-1.4127757577509295,1.4795141248488364,-1.1596289995696516,-1.387501882349178,-1.6477033957696057,-0.12381105888644611,-0.13312062574931335,-0.45404092956799325,-0.2680302049331833
(omega^2)_102,7.438509786816328,5.355470725648301,3.5395905819127584,9.650818361399574,9.889390741785526,8.879786672792365,1.3698834527892345,1.3227833064035783,0.9295991566556907
(omega^2)_103,-8.847255244833525,-9.97344795276045,-5.335010982981642,-7.465566938529599,-8.704417077479603,-8.400175787839098,-2.1249796174554643,-1.209700167227341,-1.220825050262749
(omega^2)_104,6.293252534004526,7.756204688112374,5.986332677204906,4.6659811874318535,5.507535475762199,6.177789292641608,4.98742205811908,3.3214855957476455,4.095082156260368
(omega^2)_105,-3.105869285656341,-1.5852360325243957,-2.18886873863437,-1.984329010023508,-3.307698627303453,-3.5823901340109803,-4.114310821004841,-4.6835118131940305,-4.926779128581057
(omega^2)_106,-2.3496261774224765,-4.754191436764687,-2.5619619821709567,-4.521065313926902,-2.5927438505369365,-1.8937705427113474,-1.4014172313261495,0.8689261534070445,0.595649211203956
(omega^2)_107,3.8266363768511216,4.847963314250697,3.722003001666792,4.88868561133991,4.348065349768166,5.428863500897947,2.2696290736072147,1.4753329908840576,1.0943160543040336
(omega^2)_108,-0.5925771019557593,0.1525149586308781,-1.5267286696510602,0.9082477600286881,1.2303760917773283,-0.3848851662130719,-0.7137176898425721,0.21267551767024653,0.2049017772761012
(omega^2)_109,-1.1326466465934377,-1.9457128847064638,0.32501597124480747,-1.7728152184994808,-1.405899992916866,-0.4684806700767035,-0.6813719594729823,-1.8785521150344202,-2.230197546321439
(omega^2)_110,1.0453097331491579,0.5354769490908889,1.7915334359022437,1.533142350830172,0.4072350487563613,-0.6651082960891713,2.326417840132572,3.6678451342955083,4.3771772948747705
(omega^2)_111,-1.950666443018169,-1.8275395201716262,-5.982667230897196,-7.441087788665194,-7.053702527787107,-4.801387551836787,-2.1449045113421525,-4.216863467179793,-4.3283516912720765
(omega^2)_112,1.630290062257325,2.244172422725355,2.502005434531516,1.7045514406663629,1.8768627815330219,0.6065461329573831,1.738779806525611,1.9719094061313411,2.314275063713982
(omega^2)_113,-0.5933773864255565,-0.0605064635669956,1.7275005189599129,-2.0287472848125336,-2.5014092166581343,-2.2960333222351466,-0.20686724132411705,0.895391225940469,0.34568535095688757
(omega^2)_114,0.4460036934924744,1.0945412216580934,1.7009561473904884,4.950291382901776,5.297794569669634,4.366703769875698,0.6802264981053456,1.2084030360462308,1.575912613270984
(omega^2)_115,1.0394961169446515,-0.9815066643401332,-0.006475597269502281,0.9639154882321233,1.7139399939487496,0.33682206408714055,1.1586445606777136,0.008931576060215024,-0.19175275269647757
(omega^2)_116,-3.1100699764720394,-3.180218856186625,0.3491304551768289,-4.740695273794532,-5.869486196165448,-3.92400681277838,1.3291014243417143,1.2881829223382024,0.44792099434319477
(omega^2)_117,1.10832785573238,0.0005307360053884332,-4.799794378968203,1.2191949743900183,1.6734314497414953,0.3643509475136357,-7.6797830339290645,-7.028308232055838,-6.180823440411699
(omega^2)_118,-5.917053990822922,-3.4398916588816597,-4.148187363907952,-7.713572205556636,-8.098012447512653,-6.281516743288362,1.077035013546277,0.37188456269021525,1.7891196620532424
(omega^2)_119,7.854598017525814,6.16389731440962,6.476052115690899,11.068719619663483,11.241821167751393,9.593138566738007,2.704257509118126,3.0283350802575315,1.4708171058672048
(omega^2)_120,-1.6989023887324852,-1.6471994838316208,1.1679093181756215,-0.29871435342982855,-0.3090861838861325,-0.9095268145682189,-0.0783914085956075,0.8658151149096358,0.8936160098778374
(omega^2)_121,2.598184527616431,2.765479461979264,-2.747846974294272,-2.2170391222669474,-1.180409090663157,-0.005131483057063013,2.9316840864803426,2.925131144595535,2.936776097499353
(omega^2)_122,-3.449113397902907,-2.5317133784197665,-3.130038359471299,-3.6709779813820163,-4.205109376167561,-5.399481239897531,-1.6350354610901308,-2.5446537081444287,-2.1920031144616763
(omega^2)_123,2.263178796920932,2.552053510370968,5.001144223806264,6.747241045988839,6.637886553876017,6.905614731366068,-1.3749321893619337,-0.80363727062508,-0.7911951572694564
(omega^2)_124,-5.502955420896747,-4.817543303303251,-1.5979244204266851,-4.246854420879258,-5.184955958577692,-4.4855448922624115,-0.6904285740847605,-1.2140938529069312,-0.7991225567378628
(omega^2)_125,2.3995768366329755,-0.8046772423864301,-2.050266100700808,-0.625901495097092,-0.12692324170939362,-0.9228789765504399,0.3697852817786011,0.8081151821255312,0.4116220910690547
(omega^2)_126,3.5503736358110984,4.47480531319616,4.190427725425547,7.598636720852944,7.960786954824353,7.195221524016417,0.9423751050454254,0.023401368706281733,0.5169563397137116
(omega^2)_127,-1.3406127988849144,0.41162362226263594,-1.354353617541868,-0.9803935077052419,-1.8069552186633417,-0.9895746923390105,-2.4912237898655376,-3.236488352704555,-3.4541251466789467
(omega^2)_128,0.09387993188910926,-1.6158540699230945,-0.37922597008411363,-5.34716866828154,-4.511896352747384,-4.876219935084101,-1.1581785134887346,-0.23246908194668942,-0.7053846887872748
(omega^2)_129,-0.08802374482745412,-0.46973822718800456,0.46369811083893153,1.3160320785391055,2.379705597733039,3.5046944019250597,1.1372476601847363,1.5929580986382637,1.3607909821645392
(omega^2)_130,0.11946976623931417,1.0984707460254501,-2.3463332210625287,-0.6120249544136352,-2.5194542300509415,-2.1470313682323963,1.4800914905750002,2.3431768678250076,2.2860825462248413
(omega^2)_131,-4.500573302037149,-4.4769867186454775,-1.7684762103584708,-2.2885333419215668,-2.1893005313426817,-1.633051224482257,-2.975475659581638,-4.6911081428019905,-4.112877458960049
(omega^2)_132,6.0975895468121895,5.86289693961889,8.019314075869799,7.91900330973549,8.680914593581921,7.876480004286615,4.817950792254903,5.353350257460814,4.701422449054959
(omega^2)_133,-7.027835965893255,-5.07260943194752,-7.210900857254611,-8.858401535691344,-8.690491912345314,-8.623391810859875,-8.008441421217544,-6.944209216864512,-5.841913173981811
(omega^2)_134,7.480812428227011,5.697390697443499,5.29607862433295,4.819291012629784,5.135524574920188,5.3941895045535855,8.363418940443559,7.817626555959653,7.1647115456464165
(omega^2)_135,-5.744255441912837,-4.466745036456335,-6.392853362865314,-4.201040012648709,-3.8904423643054233,-4.669682580453696,-7.228559276606961,-7.792742417938102,-7.766307003946602
(omega^2)_136,2.9284775915105863,1.2168093243647804,3.9361121548988747,6.855919377415854,5.839449636543296,4.611566240834038,3.2966279941344085,4.015388672305158,3.0742562237151123
(omega^2)_137,-1.843862966401237,-2.768428787973242,-1.8371339192353098,-4.616035660679626,-5.693600351238499,-3.2642168032925523,2.003284536171451,2.4197999431400214,3.6395140916257414
(omega^2)_138,-1.079437077254804,1.4824728266801768,0.3100658668517499,-5.984416480953621,-4.955605489504364,-5.853930275157614,-0.6617320804757199,-0.4515536647770334,-1.2875585354496588
(omega^2)_139,0.543233813131279,-0.9569559439166824,1.187089650355384,2.933831096385599,3.8488878363947934,3.684254871012054,-1.5664009413510425,-1.797224159038722,-1.0925537882187408
(omega^2)_140,4.289728911101368,5.567895643186986,3.5072545576945915,5.68858629133049,4.248450937821983,4.067452568440326,3.1254755061157296,2.2232522838127142,2.327242626944551
(omega^2)_141,-5.806233912889847,-5.6075072939016115,-9.116543892555445,-6.784697540806661,-4.937967698760712,-6.202714821132479,-5.325586510624127,-5.198873769656437,-5.950156820506054
(omega^2)_142,7.095315928838211,5.461478021404262,8.6476287443181,7.677553416412302,5.670862891388586,8.390440122353864,6.948134135411394,8.114628165318274,8.80594522716099
(omega^2)_143,0.5663912166019358,-0.3227773162485408,2.9153035130689453,-0.8040395991155379,0.8482967458050618,-2.1040632110375226,-4.632690156219402,-4.887496246100647,-6.122897165880364
(omega^2)_144,-1.5312130062777976,1.2379240287333417,-3.275190686749711,4.620750237944831,3.224709078197842,4.051346824958715,1.560371823897001,1.1452144358383824,1.726692521699588
(omega^2)_145,-3.237388393022954,-4.618196896830682,-4.3342308395274225,-8.293320542792072,-8.181260387184457,-8.664059493277351,-0.588240978115389,-1.2546856416585062,-1.072123739252778
(omega^2)_146,5.259610393999231,5.499349912531639,8.432138302457957,9.039220743515294,8.005233005728101,7.7283882815060245,5.3565480074940135,5.35950691915897,4.904375730500387
(omega^2)_147,-6.16078126355336,-9.28840462624407,-9.834742184102469,-12.19043414300596,-11.362290911446854,-9.681768038336429,-4.467734241348521,-3.758329235434901,-3.9003703751975856
(omega^2)_148,-1.3173171268456074,3.8697064014172846,-1.1380820560660627,2.997667465464304,3.520896292742122,2.5593241070943273,-1.7030883084406496,-1.4337147197349516,-0.6572721144126161
(omega^2)_149,0.7117605729682873,-3.426792275424084,1.9035175553797894,-2.4945307124655542,-2.598293702428541,-1.1892283725536468,4.170629036388468,3.0197034938623473,3.980202864158752
(omega^2)_150,6.274503532217462,6.738982918013458,8.90727805914679,10.091568615258277,10.381523270843049,9.179486316605518,0.136942159503048,-0.6956166978707345,-1.9319847446739924
(omega^2)_151,-0.2891154458023828,-0.21765661998933222,-4.130584440971816,-2.979576052020836,-2.845399745378808,-0.772189394303309,-4.197904320180521,-0.893673570169274,0.27019388078675766
(omega^2)_152,-1.605810643263663,-0.5471711573996018,1.4290439814825955,1.3741278878663468,0.5414745232767549,-0.11791331130593849,1.3857818385016247,1.00293494936659,0.8524612634085564
(omega^2)_153,-5.526177531069702,-7.655674911738254,-9.577892020053644,-11.818442008382876,-11.533768759537763,-11.015342131444255,-3.1987751910858897,-5.874082995398158,-6.061973201563998
(omega^2)_154,7.9862837515903,8.036493065158838,12.091440900601127,10.312921666686483,11.142289695062049,9.318766149253438,6.654695626374312,7.273461094937142,6.718521058169811
(omega^2)_155,-5.79912748304072,-3.0758882721059386,-4.259014579345959,-1.0714476909696864,-2.403629032818142,-1.2571212453909433,-7.302123804087211,-6.668424806289,-7.060499606807413
(omega^2)_156,-1.5499149251235376,-2.7096293863512426,-7.742023531930814,0.753908803262958,0.7962465953843642,-0.5290669720618111,3.7562499943497,3.7277429928374355,4.514143982651749
(omega^2)_157,7.81898746416042,8.505659990863212,10.853629975932725,2.7942557397943006,3.6884963996120574,5.440823166434979,0.9221504628738334,1.1257933368485937,0.33273638404077543
(omega^2)_158,-10.565334217944091,-10.110543522538267,-10.096006315262741,-10.052267958321918,-10.02571116844515,-9.92681993783375,-2.751645018587714,-2.9702185883590837,-2.3096468453570664
(omega^2)_159,2.7036093506310377,3.2122168206427544,6.640510186224065,1.7461667891908892,1.5058721392297372,0.653181977357071,1.9252830432406014,3.5255576249387954,2.9645285573467453
(omega^2)_160,0.4880557457202196,-2.4802569653645152,-3.270677016812347,-0.5133793766028729,-0.7425161475271043,1.6303331644657102,0.3117304700969393,-2.314017751288461,-3.339559467370785
(omega^2)_161,2.932946665066459,6.272260158578161,-2.243589733881257,-1.4587660791451624,-2.9990648727369167,-2.475783782869913,-2.067631744061025,-3.511934833181156,0.046338962181620445
(omega^2)_162,-3.173190339279505,-2.3045320653043055,1.9270069600505848,4.330237807743172,5.241659629278062,4.636942199926263,0.7777051037735465,1.7794348699569502,-0.01191417404971748
(omega^2)_163,-1.520105711174324,-5.435057871533753,-0.6040231150416526,-0.755115929220084,1.0049358945755809,-2.395632133764109,1.7407271224811776,3.1327994907377237,3.0938963297420132
(omega^2)_164,-4.050483824603348,-4.144825177819309,-6.082384805499973,-10.974485282771363,-10.92114623176123,-8.966505998492066,-7.557231796240182,-7.425786750234995,-8.599113387722758
(omega^2)_165,7.296455955405823,9.995356145417807,10.299062427521731,15.102057181330046,14.43217074394894,13.67987062427919,4.547734098801525,6.054162765034395,6.882474795434403
(omega^2)_166,3.7991862334403415,4.0102522702485635,-0.11129481841394209,3.1703452399580545,3.5318878394963313,0.9745043176592056,2.005551748111883,-0.3438796394872099,-0.3859045646677215
(omega^2)_167,-5.516091463888911,-5.662450261290925,-6.722976772964985,-12.56877278196929,-12.247102980119692,-12.01629734283031,-4.141357818126829,-3.920700266773158,-4.020719905977376
(omega^2)_168,6.23075299359474,7.309943681168442,7.463898532795109,11.603649025970835,10.501368406225307,10.522058337633375,5.717245374813729,5.991701800810586,8.19618640942063
(omega^2)_169,-0.8767043121340486,-3.387059225895077,-0.034840474316434875,-0.3310420550411348,-0.8497189278477519,1.5870270616802782,-3.0070403333723847,-1.0236464112027666,-2.476510444383362
(omega^2)_170,-1.7339309256727362,-0.1335769614767822,0.13484115829258697,-2.7693779626976447,-2.858195124319716,-1.0611297334509446,0.010606270071547713,-3.3714198854128266,-4.040539387909818
(omega^2)_171,-3.2526328876005146,-0.3778353125992523,-1.0932162092249218,-1.3155030423118186,-0.6943762691345315,-4.116017560037264,1.831551654450128,0.38738333609726844,1.6483734687030807
(omega^2)_172,2.6118364811773596,-1.9737981612894826,1.8223957667808073,1.907827694262377,2.072489976367736,2.0928639734954615,0.0556198035277643,3.4597906834675727,2.636172180216053
(omega^2)_173,1.1499857210051945,4.163352264030485,-3.205374995464068,-1.632187114711903,-1.1649161027559174,3.817120810514658,2.5441435796314593,1.5304629707062256,1.1876882866528993
(omega^2)_174,-9.755414891424534,-12.630641605277424,-2.4087506311567375,-3.101210913340263,-1.945598119700325,-4.265272818637177,-6.788502091910112,-4.7462837415040084,-4.741310265562739
(omega^2)_175,8.165178077728054,10.563353026781883,1.1395642056608661,5.604523470756593,4.243193585662325,4.679125071418594,3.7297652408798188,3.04140167872171,2.2308426349503554
(omega^2)_176,-1.610588813334174,-3.0959850374459967,-2.081947799730054,-3.700705666564505,-4.64233749538163,-6.283718084952315,1.893762187654647,-0.5125854239445334,1.446043408965222
(omega^2)_177,5.7027425673402945,5.152771552660317,5.666965631990567,5.543536796198755,6.5207286687901815,7.357641806905657,-0.6084583781369054,1.609968407316295,-0.20059499580955095
(omega^2)_178,-3.6331645566135333,-2.780411102395683,-1.6854116334494162,0.47983975258196065,0.6228144331600349,-1.4273563959551665,1.293909461478088,1.8022991993714008,2.6097137562340578
(omega^2)_179,-7.255684288159016,-7.823851477921099,-3.7988480003881926,-6.906203551612945,-7.709477705978338,-5.946553375559793,-2.0912390992536265,-2.0002070149475695,-2.452068913555279
(omega^2)_180,4.546374618556726,6.464078367760834,-0.22433358002726644,2.747872910184673,2.7515338338086175,1.4477626692614993,-3.983152967605535,-4.143890087658806,-3.591202647110866
(omega^2)_181,3.6312442118485717,3.8151219909999736,6.0555099804321335,-0.2050586933971678,0.5080687584277951,1.8621393952791563,4.403488693910845,4.138556882385703,3.5712747101814384
(omega^2)_182,0.526678640588534,-3.4608878789294852,-4.7777823837373425,-1.9450587395571686,-2.192088555628256,-3.5950815369774176,3.0913992092208575,1.3419253815939702,2.3242091813646626
(omega^2)_183,0.032059322400961945,2.0978831174439,3.5764012039240574,5.16779982765896,4.132263195892318,6.109083268088437,-0.6288829269240561,0.3323150133312008,-1.4879699998651403
(omega^2)_184,-3.018168921040013,-2.2845302196538992,-2.1905602538950104,-4.0626797820305605,-4.327113471515918,-1.981999801969685,-2.4311444521824868,-1.6174086853615404,-0.9542844087153763
(omega^2)_185,2.680647572837907,1.0561059253138616,-1.0409529087929328,-0.6168363503823079,-0.48575618196773196,-2.2909641971865593,-0.3524462422212856,-1.5758621096258383,-0.4517411469712571
(omega^2)_186,-5.764715590478211,-2.243695238161462,2.1088271144805546,-1.3247020620881982,0.617998054419126,0.7406272860282166,-0.7468096126718623,-1.2664746969980896,-1.9037887593177336
(omega^2)_187,4.890873275572551,-0.329312202516537,-2.594712074323912,-2.0958935953842994,-1.9959615202210859,-4.429939226584059,1.8724561685906425,3.1238001230710797,3.1084908332154826
(omega^2)_188,-2.370963751552785,-0.46923281268753203,-0.14017752394159969,-0.9746373201440018,-1.9094069045498518,-1.0555494143844553,-7.484451383525299,-6.960592508520145,-7.379160367188421
(omega^2)_189,-0.8478427959609096,0.808340659574604,0.28276361120281024,8.006037509103725,8.57148906829297,7.035663651244347,0.7255613720338097,0.21037672055827128,0.22730466705164265
(omega^2)_190,-1.4343724902892958,0.7671046754779649,3.6289013983133187,-4.805653741724416,-6.854246105845542,-3.4604049382562345,2.3525846478414265,1.9894242969067617,3.403677080192312
(omega^2)_191,0.292952378371102,0.4190087146837765,-2.598390057375028,6.218404669633558,7.061159895893713,5.1751984168376834,-3.57001575540975,-4.407632636776516,-4.503326839912954
(omega^2)_192,5.966106142818464,3.9869550652422805,2.9598750939788294,-2.348815425700646,-3.284601268734495,-2.2957807456410277,8.595690366592372,7.794600772748279,7.104400995747178
(omega^2)_193,3.3742261899201282,1.7211693386897582,-2.1143867032389134,-3.982667490309068,-3.2475165323668675,-2.843946005742916,-2.1669706453669733,-1.4584860085775961,-1.6066754451261307
(omega^2)_194,-6.154873669815275,-5.822701486379944,-1.8728528730223681,0.3815177657024533,-0.16035419896179823,-2.115009749647285,-3.2113726115204866,-2.6660296746740615,-1.5149402175564164
(omega^2)_195,-2.0970862676924846,-4.548175841133105,4.4247477416193135,-1.5095717406192817,0.16721374895395352,2.9783600726255623,0.8500303464630513,2.065047462009146,1.882079615494528
(omega^2)_196,5.073083865662748,4.391389497831445,0.6719100334010203,5.105030960465333,4.0556372720201646,1.7344220465787257,3.7687992807279582,3.3611150339527334,0.9431782178747886
(omega^2)_197,-6.086983880558747,-4.039087216607594,-9.485240644403222,-5.38375803691748,-5.826184164344819,-3.2281903552761984,-2.722637954402206,-3.780425531737261,-1.5661413251607272
(omega^2)_198,5.459428053461156,6.9563780700905165,6.837384351851532,5.430403389769415,7.596150546806444,1.0841394669257887,6.1557894267570425,5.289238875148225,3.249684129006866
(omega^2)_199,4.409357278733969,4.474342686304677,3.561490057934852,3.509964867015022,1.2827164062523095,8.003400553611506,-1.7424918904907867,-1.8100850663134997,0.8320142805150829
(omega^2)_200,3.1904779074875993,-0.39678125167564815,-1.6995552783770895,-3.8316574685286486,-3.4626005554795,-8.776197307466306,-2.6938163624148315,-1.264658216462987,-2.775478783907327
(omega^2)_201,-3.5124672627770845,-5.231685344046074,2.6561921044800814,4.219119141140736,5.137530228858131,7.547515705664642,4.831185319534243,4.691301734085386,4.563568756056198
(omega^2)_202,-3.663856748503359,-1.4798691280625165,-1.478811574169022,-5.2164603443045765,-5.424055000638512,-4.156271922993392,-11.053047886301947,-10.00166512567212,-9.737813712612583
(omega^2)_203,-2.7165497735544832,-3.0814871660953242,-1.3708249053175632,-1.8060597097889,-1.6396443162065828,-2.1891060969071265,6.221357711836567,4.216873156554618,4.802192416738968
(omega^2)_204,0.7804027981111402,4.934261175141969,0.602304729040762,-0.027472956195118747,1.171609239390823,-1.3627883159599001,0.40416245446563503,0.8001629010209679,0.253515196190718
(omega^2)_205,2.699918521541728,2.9223441270398647,-1.0137067792151593,8.949385132419318,9.54024206362532,10.09471981294945,1.8278424416951051,2.450715767833111,0.7681504569552091
(omega^2)_206,-5.051800199788831,-9.034684912775463,-2.5416740317695656,-14.899193976133956,-16.566861815127822,-12.227683223335777,-6.1187953224421845,-3.7794577669966163,-1.7012092747390986
(omega^2)_207,11.578385994888318,11.157530470561388,10.237081750565208,19.883509662371655,20.876917578987157,15.884806296737189,9.43302350050986,6.288100589066283,6.4612316417565046
(omega^2)_208,-7.966542130260788,-4.207082992033966,-8.217478144778973,-8.898622648183647,-10.080242427201783,-10.760871501714432,-6.726738409947585,-4.3793681187749165,-6.337695233561073
(omega^2)_209,-4.591968470120961,-5.043523140455235,0.8025265440444872,-4.415121182491357,-3.9005793508225888,-1.637564121509781,0.22628234662132868,-1.6519157745830875,0.5349810332448931
(omega^2)_210,10.433826514360533,9.000670126081078,4.419404540860683,7.192587294954197,7.914519218818389,9.788341259389993,2.4685403595763487,4.24970143764277,2.509238727205547
(omega^2)_211,-10.468673798463195,-10.95622646448424,-7.200020809748449,-8.836647968057452,-7.285396357061485,-11.364546968271256,-0.4586014048777576,-1.6872333097723446,-1.157419134913885
(omega^2)_212,-3.3297657858902685,-1.4708366392636587,-2.5425963328416405,-6.6828872178316985,-9.794057974270158,-7.7825332221359185,-4.1937229867880355,-5.162671517354067,-3.9620619555018592
(omega^2)_213,11.326977721311287,9.506816490235527,7.85472795043719,11.792451958328968,11.19637764158713,11.667728410829016,3.9448125251794717,6.967279370272017,5.931189251615689
(omega^2)_214,-6.374018376180468,-5.190560660360029,-3.989577048948049,1.4933020925865326,1.5483748288216048,-0.6183711261645335,-2.563038247569361,-5.768860906818518,-5.9863467010886575
(omega^2)_215,9.125975953254025,7.8858334762349385,3.620573454716976,4.075125466823796,6.044130977839944,6.749273232221107,3.827157217851162,5.455261558107289,3.7479176254193147
(omega^2)_216,-11.565665288826994,-11.181484421835565,-6.147690225482799,-13.773954843534952,-15.649035887940256,-12.74385017503118,-3.5029365293316235,-5.279040703813001,-3.6313401174763147
(omega^2)_217,-3.210245481095975,-0.5750240045456734,1.764525147869291,2.6916255747322726,2.827771073698817,0.7669286577296877,-1.1031530007068344,-0.13974332673609371,-0.37691434475376434
(omega^2)_218,10.091883870789923,6.657056765478246,-0.11778567075711596,2.097583164050451,5.165643067951947,4.585959456329916,-0.9895050987327354,0.47017931882477854,1.1479032841693764
(omega^2)_219,-2.561683458102363,2.784041516120433,3.634406789517918,-1.832516425834389,-4.369734022424487,-3.067761100211822,5.3124334811708245,7.035438595217885,7.285874599415728
(omega^2)_220,-2.1245411636333555,-2.8424862246969,-3.640603638802679,0.937679772629224,-0.11097326760275411,2.241763086808017,-3.0259112902446845,-6.731161854084035,-7.2910902914261495
(omega^2)_221,0.9480697639122485,-0.7945618489280952,-1.6097335956733452,-4.236146146192507,-4.081405067938669,-8.513522184975127,4.8848553986626815,6.2466941993884015,6.682810085660126
(omega^2)_222,2.9585743623125307,3.770605599626401,8.877809434733114,10.150812167746993,13.361110916564861,15.17172970855233,-1.0896435406901601,-0.7365257950619674,-1.7925129466632632
(omega^2)_223,3.627549894685542,-0.7957094974503268,-3.2537544658923703,-3.9861816313317116,-6.630224421593845,-5.586190205107098,-0.7453330879199708,-2.1525785782763487,0.041709596322265785
(omega^2)_224,-6.048316850408925,-1.091259604119931,-2.8826481729416593,1.764252865836796,1.256210781768536,1.3135892291401015,-9.452362320531059,-7.254888885490511,-9.75172043422568
(omega^2)_225,0.29530420229871934,-2.809262244605131,1.2895346678306274,-2.936278376684187,-3.4424703211995444,-1.0937235430768926,10.055449597556603,7.981475419225829,9.049165171237837
(omega^2)_226,1.5529678344427427,1.5972882006367304,0.6333387806679276,1.0875257790326671,1.563458377723311,-0.9310028479540461,-1.697517587428585,0.26912336923976815,1.2452382989786912
(omega^2)_227,-1.1435763166369248,1.0746123468010913,-2.26935215280373,-1.365814162693096,0.20154415601945588,-0.26306166839411954,0.21373346176802066,-3.344352099431001,-3.3419903123986145
(omega^2)_228,0.6999421669144569,-1.1747116120934664,0.7307058570437981,4.009939840014667,2.7409013270919793,4.897851426355767,3.7472233617740294,6.596141034393489,4.999510393656647
(omega^2)_229,7.7465172088220084,8.329104661309373,7.261650721228107,6.590368015162954,6.745825451430347,5.277574138891321,-1.5815614426606437,-4.391995522613409,-3.7400151794128385
(omega^2)_230,-5.985203168306478,-7.000650335048431,-8.236203129625732,-9.017172868276608,-8.99654809187546,-8.10110914118323,1.26285136848843,2.79217063812065,2.859230746419402
(omega^2)_231,-4.467299144710533,-2.3680833280705302,-0.725613113335972,-3.97830264529948,-3.998265464221329,-3.8228925619895895,-9.79259524968722,-10.332033912037936,-10.414231429865888
(omega^2)_232,-3.025460880494347,-7.368576752366967,-1.7927759876623768,0.7710414017114543,1.4962369163695033,0.0259820483727711,3.9785979267093237,4.303217887329617,3.5027923688435716
(omega^2)_233,7.5481122774437726,9.70114737955931,9.956392115246468,12.104565426258763,12.862684654694064,10.790579213278635,-3.750536417189831,-0.3138007994343559,0.8838151352182695
(omega^2)_234,-4.599992214678033,-4.480478315953562,-6.384548617296159,-1.1514436813600923,-2.8358153101862937,-6.681897717032096,6.226624570729168,0.534409699669322,-0.5360570267229912
(omega^2)_235,7.09490802564522,7.076406422158416,3.6809004539661307,-0.5063271977754845,-0.3773864155647301,5.32294365986345,1.676615036688291,4.979768737902632,4.783087133054393
(omega^2)_236,-4.012133168510471,-1.5708165837607326,-0.7018745671301616,-1.8619967069803125,-0.04669310842279223,-1.6063510535696772,2.009186101085084,1.410198107415811,2.10354915903653
(omega^2)_237,-0.4650126759893032,-0.9504227880640364,1.4075926721772893,-4.2230316126363565,-5.541813653133223,-6.497178522940678,-4.138818514747085,-5.6906756925259865,-4.133933717666439
(omega^2)_238,-4.385426043879351,-6.136497375665357,-8.579787495658493,-0.9060831813992658,-0.8362859900350132,-1.1629079986008093,-9.08143623360148,-5.26377994295121,-5.816622981739265
(omega^2)_239,-0.1978944866983937,0.020923793386753764,1.569447826093055,-3.5747603396142074,-2.258300113533737,1.0797953901492057,2.0295193910121987,0.5319171510550714,-0.6032880289858522
(omega^2)_240,7.8187604538400235,10.450982399063232,5.869691522839237,14.207404357551935,11.703832238027582,11.207684894513006,12.48920166920685,13.041531008976893,13.909185855800606
(omega^2)_241,-5.8705205061705845,-6.909843560577907,-0.9725691233976902,-13.730173251695954,-12.343214645421812,-10.664440953139351,-8.335437400002583,-9.17472752848083,-9.42189808412721
(omega^2)_242,4.469070546157012,4.141818220182215,-2.853966112681888,7.377024244802477,6.065078321651938,3.4204705345759763,-2.012789776726678,-1.2854711529046043,-0.8484428623097935
(omega^2)_243,-0.32492434914661694,-4.6846278621343345,0.6412405790380258,-11.998434895797848,-10.267777815415705,-8.340762819009068,7.730307113122765,4.665855872826042,3.673923911110371
(omega^2)_244,-8.98720468216133,-5.685948433920936,-9.353730840740528,5.111653021511005,3.926291119826961,-0.44446682097305734,-7.195807670937464,-8.237217428534802,-7.882304183182293
(omega^2)_245,8.43273941667215,4.859402543621234,4.290704093865576,-0.1884076778543577,1.5778543070263367,5.944502668782979,-0.3662584345747578,2.643239758773343,2.023676521811471
(omega^2)_246,2.871275934545263,6.437200527865267,6.218310538953261,3.0433299774469034,0.6141798916455875,-3.167602639596281,7.953149140529549,8.475939618841632,8.452372365916293
(omega^2)_247,-9.492426467883982,-7.013557009383545,-5.935820985548174,-11.678140373770976,-11.00424982080235,-10.102783469510628,-6.552247031542187,-6.97980477262582,-5.427086475201375
(omega^2)_248,-2.2564799124997306,-2.7778008140394803,1.4301171276760998,12.388993938430005,12.358169378818438,15.766617841676817,0.8024849773063881,-0.832644653139819,-2.6151483680800482
(omega^2)_249,0.10286263993789369,1.048889959407169,-0.3723666362770788,-6.124669266550694,-3.590708340458962,-8.85345876433046,-2.3762988911455274,-0.6849938783907382,0.21416295611641173
(omega^2)_250,2.939254200405301,2.0069668169566914,0.7435521256985075,-0.8206911248799766,-2.7317071477654253,-1.6216383881143601,6.4313308591456515,6.177937669654712,5.60615003558854
(omega^2)_251,4.353537545492847,3.630032519857757,3.0871530041826256,4.52373481588533,3.670166824542532,7.141147081140278,-2.808227585124228,-2.6804960808315528,-3.3824690073001396
(omega^2)_252,0.19408033558293436,-0.16325739451858629,2.2497089687543674,2.932983285175521,4.706553403668232,-0.7301503329194398,-0.6939938496673399,-1.7154249210620314,1.1352442819231636
(omega^2)_253,2.2994896888258753,1.4877289497385238,4.388759845565041,-0.4461655506515566,-0.40051037091158787,2.747643745967354,4.711943978234883,4.114689871754231,2.9559090905842544
(omega^2)_254,1.6300066520936758,2.097771954055686,-3.715883144245341,2.2778102447252397,1.4126676081888705,0.6129622319732402,0.5067980066805501,2.6392464315616913,1.7452463394609132
(omega^2)_255,-10.900895576132283,-10.639768917569283,-7.6988367675323754,-9.297776535792666,-9.332820231194171,-5.594969040669098,-11.788614895381135,-11.356221569239603,-10.620073349625772
(omega^2)_256,7.9411527137261855,9.12575986200542,2.2147165544229948,0.5096274379265407,0.19728182595563623,-1.7074446511977937,9.435507752251201,6.2768747650346075,6.295731391398567
(omega^2)_257,3.776771239914286,0.3438507652133557,7.46708599634708,7.63316990910411,8.177498826573963,8.147004263421623,1.5839996305357609,3.1589779503065802,3.34778906736871
(omega^2)_258,-10.86530585371539,-2.1634346257743564,-3.3015858440946304,-4.2948386995942265,-3.598000527838922,-4.357940214616453,-6.606976385258047,-5.330631990871804,-4.368862076496299
(omega^2)_259,1.9887860582087011,-5.842578082148648,-0.6487327415483735,3.6908917942938344,1.8624073430825412,2.6295500718594265,4.928696021394891,4.8075366574677565,2.9664783670399766
(omega^2)_260,4.246636739186583,3.05481315882027,-3.6404184003992737,-3.6615359028985726,-3.588692159676626,-1.6498619608785403,1.2894966543286763,-0.17813925966260585,1.5176341252971197
(omega^2)_261,-4.186141590205151,-2.676494679224001,-1.8107455457675963,-3.653104537538204,-2.4451101653935616,-4.504885831148943,0.09951664741231417,1.7035472371000373,0.9444744981844059
(omega^2)_262,8.560212496096263,9.013212254689913,5.9668072480004675,4.907353658436242,5.0761839932870405,7.710198381140267,1.9938468504937128,1.5699445961922303,-1.0883788205104055
(omega^2)_263,-7.227318002596674,-7.78875436148914,-8.056823776251873,-4.536264870266533,-5.725564017177837,-3.540095823345176,-8.821445963185658,-8.447504994256228,-6.3421329864443345
(omega^2)_264,4.13834654675457,5.578095864643328,8.764651966206797,5.251279150447584,7.312887658604414,3.897713372215729,6.41762325790063,7.302539771970319,6.370600042847888
(omega^2)_265,9.622061917730754,6.381243240681569,-1.0601615810478426,6.966450888596364,5.226874112308073,7.380314755042852,0.17343363581408563,-0.9895137118132833,0.8483137819775836
(omega^2)_266,-2.5074222273979934,-1.4905407502820451,1.7514077680211453,-3.9869346811183832,-1.9349248179242007,-5.754351684706991,4.2245799821910905,6.801203576495802,6.2310681963616945
(omega^2)_267,-4.779924359507486,-4.651686086749423,-0.7194010283921909,-9.098913224064727,-9.594524923891322,-7.967357148182806,-4.069606154208214,-7.20012837627422,-7.772082716472869
(omega^2)_268,-6.989077067784087,-5.907395946373417,-4.670013297950676,5.3520187710770015,3.800478090387897,3.4764249332283623,-11.282579767129628,-11.824237079168237,-12.054543441815646
(omega^2)_269,-1.9762220382522138,-1.9724903255407114,-2.292314359164171,-5.973159111432821,-5.064941305117395,-8.11970378900607,3.973388769731499,6.158641948607763,6.275012466734742
(omega^2)_270,8.140702250826083,8.851406631706599,2.8592264295554775,3.148809293586929,1.8773120724572627,5.438526082514716,3.7680392298427603,1.0179377714121758,1.7367983197958758
(omega^2)_271,-0.43846865610719443,-2.9793526375836676,1.2549908182841274,4.225231719984782,4.993012816250475,0.5833710967765615,1.4590075346017028,3.4038073347694757,3.1374203425590266
(omega^2)_272,4.873980699673008,4.834368282128514,6.181030445385586,9.138529631465763,7.83649032061534,8.940409763755477,3.7419854734852946,3.6325771639298683,3.2949915686409676
(omega^2)_273,-8.465171019353331,-5.98701379819789,-1.9389977569184107,-6.647777029405323,-7.5425065431871285,-3.262134309696601,-5.668073370606029,-7.2259818824583215,-7.368840425656433
(omega^2)_274,-2.6217271770237742,-1.9011167924629784,-7.708573466680479,-11.45850924872229,-9.467094259392725,-12.754781899204396,3.517795289995711,4.4068651683038444,4.060083045455471
(omega^2)_275,2.245283499902239,0.7169801434331389,1.0605352996663506,7.042722886655468,8.823213638100837,10.594455337552622,-6.795731751084391,-4.172371772674337,-2.753698484412278
(omega^2)_276,0.02028899075679408,-1.286934234768491,0.5512554656129319,-4.774295904765445,-6.618329003281917,-7.355190698531177,2.836516632631295,-1.150704960719653,-1.5503715987851416
(omega^2)_277,1.3187906716621884,0.3538132640283561,0.9731300372274281,1.672472606214613,1.806758800693579,3.0670559329181226,1.0297523180397756,3.4409465504160908,2.969268890493818
(omega^2)_278,-3.1388439114624718,0.31348167322081033,-1.8755366441921033,0.7153238233141381,2.42606208685317,-2.1706319254655475,-3.613347216502059,-4.366910843108138,-2.874444410999996
(omega^2)_279,3.952349524169095,3.8018771839486827,3.646158298969361,6.1027666361552075,5.632550747363795,7.196719785639746,4.76106649927454,4.09375468353139,2.2279103417238053
(omega^2)_280,1.9861801194402604,-0.8578586464727385,-2.3619935521207416,-0.3409262567065451,-1.5694203334169539,-0.9403337199574894,-1.019053103498797,-0.49695127264630684,0.07206887436658033
(omega^2)_281,-2.1415127042681728,-1.5351356340943303,0.8348876933267257,-0.0751985012071441,-1.3995136659261043,0.5986709145087636,-3.5109087997270936,-3.941822272420742,-4.706589236013005
(omega^2)_282,2.591035878416656,4.35909094473592,-1.752624158133321,0.395402370636412,1.61977072110187,-0.949040080816115,4.165963174224316,3.4172369177461523,3.8269560543159518
(omega^2)_283,-7.022999768188869,-4.774477304962705,6.3140072689432785,-5.295814196387009,-5.833489048167865,-2.8585922378871365,4.276434005270401,6.386494999964914,6.52227738998771
(omega^2)_284,5.931131662946161,5.942996284697286,-1.0122857997787083,8.164314523514149,9.356133738199201,8.712118861579208,-2.748493138072141,-3.8544058213906873,-3.725727134765538
(omega^2)_285,-5.533778416380245,-7.927696019853394,-3.163781188459087,-7.300491649471227,-7.375965481156591,-8.382767122721992,-0.556420291918591,-2.5816493990744727,-1.4576470137785338
(omega^2)_286,2.5782043715282454,4.017149573837355,4.414629205183873,10.030705341984067,8.322389595184918,8.856661603859445,-6.398099735444123,-1.4765242219328036,-1.8309948712426127
(omega^2)_287,0.8371124981673109,4.280194716210731,-2.501344698099409,-6.081972221851185,-4.082894133110752,-4.933755916962708,2.612247104222973,0.6873265373288968,2.2191478202690496
(omega^2)_288,3.384068140181884,-2.7112150273916598,1.54110162626095,5.2360438653046115,3.8602555374626317,-1.7860526936281567,8.988903965586253,7.763395578650084,5.084214719324509
(omega^2)_289,-1.052628092702901,1.314765783213653,0.6106072402091574,1.476808984714524,2.68091775863655,11.578573856016991,-3.5666070289199756,-1.8821613621564464,-1.5116424303010136
(omega^2)_290,-0.0019375016923587896,1.0057879979565374,-0.7261116937778591,-7.272087678190452,-8.17688858497129,-9.849322432248059,0.7838160708948305,3.119953855115609,2.448550653212745
(omega^2)_291,-6.564575443136305,-3.92275903114425,-1.0537576740275298,4.579325819029046,4.846226648268391,4.39203486121388,-0.10760193693409523,-3.4602251119628096,-2.617495415847399
(omega^2)_292,1.0241198593189933,-2.2059703654138842,-1.8998482915557786,-12.35146681940239,-12.332511250651594,-11.866054884119118,-6.079130319323449,-5.48868849124773,-6.478635296570511
(omega^2)_293,3.1077091263968204,0.5223467179146712,-1.9486776208657153,2.1980063291822978,2.1842255182828003,3.8295304616080306,9.543128450234082,10.818386014845,12.04852851297829
(omega^2)_294,-1.5285115138979357,0.43236161392281575,2.0864229625434376,-0.8756467002245854,-0.1468653710284546,-5.341916292404476,-8.911046805459877,-9.384278336494724,-9.90881841905454
(omega^2)_295,-1.3615461279894308,-6.279516778290868,2.8736089424968205,3.3436778945486476,3.363861601786871,4.485276807346396,-1.849809236723208,-1.3528059548366187,-1.3348288911970192
(omega^2)_296,5.59692740629841,9.993777685717138,-1.5399068844128565,4.9427374192685605,4.884144078156714,5.208204713369478,9.6002621280617,7.042065895202755,7.820415383045955
(omega^2)_297,0.02398811453558411,-4.255340868569208,-2.5095773057092137,-6.6940865713802555,-6.3118674114949735,-6.237734290604798,-6.789488044301663,-5.843486940034771,-6.675598968048939
(omega^2)_298,2.281837361238375,6.172047197007482,-2.469833026432029,2.4111725634767174,1.790073693933783,2.795973204859485,-0.9218424241175729,-1.0582196587224417,-0.11677653497247614
(omega^2)_299,-0.6376892733150796,-1.2274441289856968,6.997077035852606,3.04130721168793,1.5514618237437108,3.4535738915872893,6.753089380912934,3.3172081503374478,1.1623545660623589
(omega^2)_300,-4.226749167810829,-1.8603478279198709,-5.897033765347835,-4.728441696436153,-2.9937892153845524,-4.471990032506127,-5.596188509721807,-0.9691590977749304,-0.2738394748445123
(omega^2)_301,-2.1290667275352813,-3.9804863255645704,-0.7221893665542661,3.984855736418147,3.51447529780987,-0.5400913863903345,-5.34528140148199,-6.729649410105879,-5.799427581306674
(omega^2)_302,3.48975810313595,1.6954168255944302,-1.2125344297045497,-7.300860494097972,-7.070825370316465,-4.186088555862278,9.262196674937046,9.775019019631864,9.070866734787119
(omega^2)_303,2.446416130179229,-0.12067594211074367,5.963738807295481,5.144543535554715,4.285323764070744,7.707220407609165,2.8425645883047035,0.6216618418613401,2.4553295370904205
(omega^2)_304,-7.307146304709846,-1.3342247554389062,-0.10382150359069094,-3.3776220964265358,-4.570603203637192,-5.940569932727986,-7.450235740217957,-6.958667548853596,-7.815127129976206
(omega^2)_305,10.950728626135403,7.254350435335774,4.958976831590814,10.245998325028818,10.870207056749125,11.633339306094186,7.966472578657572,8.589534002394414,8.337378456900721
(omega^2)_306,-6.779881974489058,-4.033627688929619,-4.6070210455149265,-2.8893055592012926,-2.049750761465166,-3.6635297963029148,-8.867485551541371,-8.962843315656361,-10.568107903550692
(omega^2)_307,0.9306573690868114,-1.93910724049197,-5.102742918556728,-9.851535821742209,-10.683709031405103,-9.537951031991549,0.46594300676463296,-0.8685549237505459,0.7175921842509358
(omega^2)_308,0.17688712934862383,-1.7313489372441506,5.217352462388655,10.48872170044825,11.073524167153948,7.864920889420992,3.4345492138568767,6.804599483143523,8.452350685136821
(omega^2)_309,-8.513409397250234,-1.5667587831820726,-9.08609988272685,-3.675829036833562,-1.9227708992526162,-3.3260364093029007,-12.153041920839927,-14.241467414766607,-15.823380479254748
(omega^2)_310,4.5689669475782715,1.755404554354666,4.2071203916471775,2.6752315330779513,0.8472105156290431,5.875242728112757,7.4242852734400095,6.993343026175918,6.926453076903657
(omega^2)_311,-6.155401500550668,-4.803583379914562,-3.3541212767255963,-1.9997292662211312,-3.3205115780403847,-4.905287019536717,-5.611588682395943,-3.6612064939592837,-3.104265632563086
(omega^2)_312,6.71023659831626,4.197183406904084,7.069170158587349,-3.3529207356105477,-1.7732386624304555,-1.3046880067213258,11.018506310320195,10.524448235237115,8.978073488916193
(omega^2)_313,5.577181168607118,3.933863135049666,0.9977156359584899,7.179747277873461,7.517486800150371,5.758041400570902,-5.238882241225135,-5.206608234667637,-4.667620788478491
(omega^2)_314,-1.7704471921322957,-1.5296909818152382,-1.81444355671698,1.7928879159344688,1.5282809984439383,0.4144117775642248,-0.38713845119168777,1.132377751172891,1.1046290290199516
(omega^2)_315,-2.3777189330848425,0.5463917410660044,1.9453864852885696,-6.889712339211142,-8.22087601732896,-7.041351466249319,6.558826815509184,3.250436140565107,3.343042743743959
(omega^2)_316,-1.1727538878388841,-1.5578128452485531,-5.549415726970058,-8.982405020679765,-7.4952649091777515,-7.959540993656934,-4.820297278277774,-5.266550933272477,-4.874184051603547
(omega^2)_317,1.0802211817693887,-0.915183624815656,5.355987351348749,3.7792692211265195,5.664588466733909,6.279723117030699,2.847787301284212,6.208771640256148,6.521344257028964
(omega^2)_318,6.934022629234508,12.797832850716736,5.284820070710063,9.031038627445412,8.198714860938875,11.206484843200396,7.774782465858769,6.1567212544190895,4.960507736444804
(omega^2)_319,-6.784532918192404,-6.475633420681682,-6.3767673161040515,2.8917992905601806,-0.8749028713327077,-0.9572354289209333,-9.16307257426308,-12.482912101165008,-9.43671330413616
(omega^2)_320,-5.1170680428151645,-5.886952080088495,-2.9863436600167628,-8.332640778624556,-6.953966709993348,-7.705594748270139,0.8813455602811104,5.7773886132588235,2.374057652692245
(omega^2)_321,-2.6142588066706756,-3.676807648883007,-2.384018907862375,-3.0099943719268074,-2.695405309519047,-7.767421826219123,-3.283797959441056,-6.831925265761399,-5.929352247193948
(omega^2)_322,5.704706828933051,4.943511488206322,5.989587196889981,6.4728146682990735,6.260741693637547,7.749737054963935,4.896630811987285,7.492955324011489,7.638314367135742
(omega^2)_323,1.055776902299606,-0.23226839332657456,3.0112252958514154,-0.0943220087795881,1.7174373205088656,3.4656528198736964,-3.4882460889557145,-2.600846619715022,-3.957903882041585
(omega^2)_324,1.172706998429517,0.7961669079572081,-0.8885604544608467,0.021282614824050472,0.4018482153318281,1.3876686893662695,-0.6253673136417599,-1.7100716278995498,-0.1259501908091452
(omega^2)_325,1.7208154077171798,0.29508958224717685,-7.057563747155308,-8.122915625995592,-6.719754927035699,-7.837522507245767,-0.5705613076931786,1.4528351312229801,1.9595657653823664
(omega^2)_326,-0.6535717839064651,0.7004899231902749,7.556281294260817,6.3056619854965605,3.3392356806105035,4.231559391179311,3.933999669587897,4.538529186136957,3.9835476513260413
(omega^2)_327,-0.8578047751336885,-2.9431354457246823,-6.672048471603513,-5.651689379668672,-5.558559897544608,-4.4093040862005175,-4.102041373840255,-6.563465999312864,-6.029835353645379
(omega^2)_328,5.316319604426618,6.279446846869171,11.043906476179885,12.695458514421912,14.58390186173496,12.782795432074002,1.1588523521943976,-1.9984577675867274,-1.2320741325367774
(omega^2)_329,-2.2447034110070323,-0.17084407416838082,-8.367959258603818,-3.5484754158452403,-6.807703906548161,-5.21024102104694,6.954067582746297,9.360436394805236,7.832319229698264
(omega^2)_330,-4.1415306917954195,-5.785750037279841,-1.610245592022021,-1.0843531614522843,0.6983720420542603,-0.1577151514433156,-0.2661785067837348,-1.4959394403124822,-1.8868233746129062
(omega^2)_331,3.8509266504114996,2.0745405533045322,-4.293585855049535,-0.9702627447846712,0.34271581292121406,1.9325079327869688,-7.753613414954802,-6.525835208939174,-5.488623582874565
(omega^2)_332,-1.7723457571202923,-2.2629665750445995,9.147467302524186,-1.9829949079308162,-1.841135448936026,-4.94835865126194,-0.38751494072436693,-0.2147709575927505,-1.5900818744591378
(omega^2)_333,0.2125945345374538,2.455229021197316,-5.3281825486896155,7.861264032188238,9.27316417421427,6.319878663382863,-2.9855447883581157,-0.4992497231922933,1.2113455366123007
(omega^2)_334,7.114888446630642,7.979460114849391,10.035012801360107,9.440958370510026,5.406820423525813,8.501336326471392,8.763534164195821,9.996800481239491,8.335966891898341
(omega^2)_335,-12.490697612240488,-12.270045541359224,-8.016759309932935,-12.291542561388912,-10.927717728084305,-13.579960509399585,-11.732657253991759,-14.798930169796437,-14.462877682012815
(omega^2)_336,6.078965081147792,4.524665895052771,5.693586502939015,-1.1473911332208642,-3.2398669431407523,0.31891009693290706,8.464146625448256,8.742914099999707,8.422007421210449
(omega^2)_337,8.14121583504071,11.870478822339715,8.202538355526245,7.094896016679382,7.473455128281666,9.210064795314965,12.273956954135341,9.794051351735884,10.183842491936943
(omega^2)_338,-12.309895637163864,-10.110189873453898,-10.939780297318432,-4.282230191312232,-2.733703315067769,-2.3008098653001303,-15.70260693546071,-15.308634892122244,-15.296598123445198
(omega^2)_339,-1.1204804828384647,-4.502227016452961,-2.9588590870278995,-10.966813142589535,-10.522107471475687,-14.502931681623101,3.637993393860821,6.343644547639343,4.771250398322772
(omega^2)_340,1.4722103329404488,1.8677283814956422,-6.027711574335219,-1.9126471740664748,-5.014297553012414,-2.2799645182099817,-2.4339804443626787,-5.0094364089143575,-3.4286206353717676
(omega^2)_341,-0.44380942950696584,-5.5336147293958335,1.4916615667848845,-0.5010297659904936,2.6982995597806636,5.690524998398295,-0.035440491759556714,0.026841846509013625,1.519206741146628
(omega^2)_342,-1.9917159547516472,0.3782582252394155,-1.5406829349149744,-2.7797461072688936,-1.9418870150811005,-7.855048905379575,1.3129024559405824,1.50200959360102,-0.42759478698963965
(omega^2)_343,0.1624733741774521,-3.9143616365317544,-6.410174186153251,2.2451585123427793,-1.4701897092307055,2.2220384135221667,-4.167780168670784,-2.8842538760506327,-3.462249714175116
(omega^2)_344,11.30994501084759,15.990108615026095,18.212535615310962,12.556867989196551,14.869051635056321,13.960269130114682,10.112499623601703,12.073900901660487,12.901974746773176
(omega^2)_345,-3.094108604878093,-4.834420028959878,-9.369919642486119,-10.591172563992894,-8.978712197634946,-7.2071191672197195,-4.180993544657837,-8.359773135207439,-9.019613672891017
(omega^2)_346,-12.003793068860594,-7.655162107997784,0.9830219725017522,4.962199681546463,3.762862212957171,-2.210335350482347,-10.207456997416458,-5.830344453887324,-4.81118599153864
(omega^2)_347,16.511981032339204,14.996018013240699,12.659925361048735,15.360277230249986,12.93930964336646,16.18434432216636,9.821490055311541,8.251238483488631,7.7907169059385755
(omega^2)_348,-2.80341590448571,-4.769819490955437,-9.714162801775947,-10.073104555168557,-7.077958134103206,-4.94566070061335,-6.443559024317744,-4.7969533594623925,-4.403831381041154
(omega^2)_349,-14.410493087174,-12.726037225556546,-10.222039104412314,-14.893353236573248,-13.823603402946738,-14.835987815444197,1.8942921772495767,0.24481687582321426,-1.7635166560682012
(omega^2)_350,14.797620484790452,14.96606988630596,12.131080826511038,10.679817291418107,9.181803787597923,8.05800156061302,7.663364810975312,4.1899224761639235,5.3202240864923604
(omega^2)_351,-10.053064768250819,-11.618153335810458,-3.90745577263918,-13.513371623872459,-13.6718842754668,-13.877912742659078,-4.420073054746795,-1.879370279901586,0.04446723963963258
(omega^2)_352,-2.9091504110099007,-1.1561787281609948,-1.532951101859043,8.544772424535722,9.50469265483921,12.200066532215816,3.6974047092989744,4.735517006112809,4.593557769926025
(omega^2)_353,-8.46089158105129,-6.953061339699604,1.1812760189772777,2.044898450446862,0.7494026137903353,-2.147033072563359,-1.436207093789981,-4.943106291328262,-4.251367070868434
(omega^2)_354,6.818893040302204,1.848433965318063,-4.945938990221737,7.8822303478309115,8.138647713597303,7.9594698080564195,-5.601453936141876,-0.5329196714865324,-1.5161928539851757
(omega^2)_355,12.966750909140183,14.409144406792779,11.603491376204381,1.4745083910985493,3.289956107394043,-1.1909964939093212,2.9112004961626803,1.98754829539947,1.542474109121974
(omega^2)_356,-4.371250243796318,-0.8606489924570042,-8.044437851460064,-8.076039758183363,-9.589370926928462,-8.503839917387152,-1.8922620255409541,-4.3094427024276145,-3.6645432877681254
(omega^2)_357,-7.607419085788811,-13.048819080320229,-4.361069878026252,-3.824407899424516,-5.315137223432207,-1.5284174444165997,-2.733619165350471,-3.570568352051281,-3.336379129584098
(omega^2)_358,11.597592110604296,16.542186100844567,16.536365719472947,18.03365994684901,18.776495728568072,18.075261070334758,5.358718988984019,7.397823247644301,6.679654947542643
(omega^2)_359,-8.892053959876705,-8.564504667334589,-11.82193111250666,-15.516494912777484,-18.164296254956678,-15.235293954551105,-1.2287456900935196,-0.8185660831752061,-0.8932578666957665
(omega^2)_360,6.17107735741321,6.397299369554932,4.933344845670108,1.7810252004902836,6.288931512733951,4.684487886657268,1.3164658461687604,1.0943600510669538,0.9277671362516782
(omega^2)_361,3.8725143825432484,1.5840004671108399,2.4142738995523647,5.499643024064257,5.37980192873067,5.577110605599765,4.276035357570751,2.230379068407652,1.8222028635046907
(omega^2)_362,-9.578522479560943,-8.165849926837046,-2.4520220850351175,-7.944857828501133,-10.436269292855897,-8.937073491009471,-2.4619861290234124,-2.699306075815134,-2.8313919803661274
(omega^2)_363,4.717396420753531,1.4641561734953876,-2.052133969946652,1.992900283078355,5.25072497713774,5.575761188701826,1.7585978937251776,3.710947052074749,5.916155815839072
(omega^2)_364,-10.420768455463028,-6.779963852926731,-2.014988058996624,-6.161327086915477,-7.930074696430288,-6.933399650662783,-10.393738816964209,-8.775166031524456,-10.059323596971726
(omega^2)_365,5.594401197232252,3.3471487498869474,3.392942094596137,8.159073885196326,8.273913751699775,2.2664753349137547,5.985332848948052,2.0282606958826004,2.9533079876431976
(omega^2)_366,9.782923446557561,10.88535965435193,2.173373722036534,12.04719266102431,12.089954263314397,13.497965548939472,-0.11843859849074723,0.3745909484429185,0.6562814987778888
(omega^2)_367,1.1336394099165015,2.8359549952080827,5.056187875816314,1.2730510546976048,3.155277956229451,4.46511534012594,10.681865476153279,12.491475376154213,12.650371753730427
(omega^2)_368,3.7766124749675685,1.1191501032150737,-0.10218310525462926,-2.0383783468481775,-5.079088584412929,-3.3823290755074344,-7.1719163677192315,-7.057508885204733,-8.864810228017795
(omega^2)_369,-15.384361569677077,-9.48756861816804,-5.989048219121655,-8.867616128302304,-10.566015766901053,-13.75941709995857,-1.3347423400141134,-3.8893031517136447,-6.055003758397148
(omega^2)_370,7.0428421470331095,-1.2951453956707972,2.4120936425980926,7.285147375792106,8.734243284715738,10.431817259799889,-1.5486320787569914,-0.14421281591235285,1.3902174298629413
(omega^2)_371,-9.957681485538508,-4.923399547383867,-9.277064021366977,-14.190791050819369,-12.609287888161171,-11.232977679258031,-0.7685182506641972,1.3872374288878342,1.5230609415625187
(omega^2)_372,4.29599486861866,1.5041793904707577,3.050364846841358,3.8008279720949867,0.9419141830937277,-1.5738016296103248,-2.141492176079403,-0.6983959114010693,0.5978435758728851
(omega^2)_373,1.0977995267272511,2.801557944711784,-0.7082061652609752,4.07153973661562,3.703448576069932,3.2722892651985234,4.984080745983172,1.855353301983266,0.45292368129068417
(omega^2)_374,8.829706296252605,10.67533278171973,10.218527047393682,1.2369005683703698,2.8993550407597963,2.057466779100021,6.698823143910088,8.831869192022754,8.54542853463613
(omega^2)_375,-3.624107491532586,-6.824478191441475,-7.682902535729724,-5.375329834146241,-4.491966242069522,-0.4932283651434364,-4.4239523588391165,-9.357914468243765,-8.016582185080837
(omega^2)_376,-14.291410598553458,-13.896116652034934,-4.999657681666497,2.4953835582170587,1.808377386783006,0.5655576502533739,-12.287355459529975,-8.416770021111583,-7.834963033793469
(omega^2)_377,14.177118405598065,19.023210539622742,14.073061784918524,12.942917595655814,11.296744356625151,7.574958521530151,10.880974258285976,10.16617649123054,9.356205283708315
(omega^2)_378,-1.6352289706962064,-4.802402757398542,-9.554656024117039,-13.490066121180236,-11.788157540857021,-10.464374585318486,-6.108291286412072,-6.8270520614390815,-7.774193161484473
(omega^2)_379,-1.0398187090419269,-3.345960921839862,-2.599184803841557,-5.894966974129289,-6.916703805738664,-4.4902289668790445,9.131979109214235,9.326818874826154,9.69065702115623
(omega^2)_380,-2.232347709436829,-1.1087772475267135,0.4493825166279373,-4.625704322430953,-2.62842528569837,-4.817718424106288,-6.088129742843307,-5.567385222588845,-4.1763910787348735
(omega^2)_381,1.120125121692155,1.958682208804714,4.024251657163663,15.665986615048936,15.567769178193226,12.582109932783043,-5.409362013170483,-3.53300073226032,-5.085237105889521
(omega^2)_382,3.4585675849640283,2.697624913662663,-4.307907434960579,0.47696933425770005,-1.5499839550519265,4.330146880296206,7.326729324977583,5.974309849302524,7.762842495293758
(omega^2)_383,6.237956802648361,5.252254065684434,10.607593288004649,0.4573845182289854,2.3511354368514783,-0.3819960727591116,-0.012909204434625898,-1.713950090429627,-2.9695641174753686
(omega^2)_384,-7.228900699544152,-6.305909891685612,-10.38489390016998,-9.202928593699925,-6.483876888587819,-4.338526149983278,2.7732197411994295,5.173630084870621,4.066892286283464
(omega^2)_385,-6.565700334054483,-4.856965292157995,-3.693967578921455,-6.891148165936037,-10.814867128385897,-9.879365292782717,-5.386123888985475,-8.089551702454909,-7.982979286623985
(omega^2)_386,0.7327720828576579,0.5831860834627838,3.374475933466874,7.424053020739674,7.96468997091517,10.538834780891927,-1.1861866573065483,0.040533786870794626,0.18341957506677653
(omega^2)_387,1.2671896066556767,-1.1668539767438333,3.094784622254497,-8.250165487617725,-4.555804867611082,-9.931125648939782,-3.554785266561454,-4.59527394633965,-2.851989151725539
(omega^2)_388,-5.505927777126019,-6.146378225207027,-7.919755959752875,-5.050865940820303,-8.576112414461537,-10.596355696604718,3.4828227762230535,2.1935274297972764,2.567741725318832
(omega^2)_389,5.878265481869555,12.887629225584051,13.51157035059713,17.475577329773447,16.36896945398916,19.404477355036835,6.80892201495901,9.679124795746597,7.326255098609779
(omega^2)_390,7.524509901271656,-1.0408768880775152,-1.3622406131295546,1.8046527452634944,2.260315996218141,2.7371054208473455,-8.648588433380167,-10.006479995482422,-7.940035076784648
(omega^2)_391,-12.70824360777453,-8.002420888712246,-12.528170268260647,-12.530878444599917,-12.881312807035982,-14.043016919408457,0.5959096117658963,2.4444530908915216,1.1378454617708988
(omega^2)_392,10.41131794211208,12.9714826307847,18.857985782736254,17.093426938061288,19.196229847453438,18.26519610478665,9.054648505637752,6.618380770848075,7.233409619639157
(omega^2)_393,-6.6829747700543205,-10.782297736413026,-22.463006414887243,-15.58306536002611,-17.96845873065509,-17.25919929884695,-4.416404344795354,-1.24281973435731,-1.23227098286841
(omega^2)_394,-2.0175105341253983,-1.586162297039405,9.516801688461197,-4.377331112628776,-1.767723809548668,1.063275751753014,-8.600251395817407,-8.680897704731555,-7.625112255870336
(omega^2)_395,1.3343036021294696,-0.8856740542521474,0.28141610119256083,9.7460100336572,6.392577528667579,7.213986335918643,9.181006083402764,7.977392879814948,6.203893260226245
(omega^2)_396,-1.552204262867425,0.5308796824015648,4.739396534503101,-4.085796178686618,-3.4004492754650997,-9.315063784486718,4.070855741530516,2.1122554655998917,4.225567987614937
(omega^2)_397,7.4979729547577385,6.632294969673448,5.279848444911139,6.510438618286965,6.166826413138891,13.814205246823093,4.172328512119509,3.543937928697997,1.4827654198755102
(omega^2)_398,5.464164603178065,9.287658869120138,-2.984677108072592,-0.9430577850130362,1.1701084111955407,-7.017370928739234,3.4491020309691036,4.547272994087198,4.537403297720498
(omega^2)_399,-1.9194748318011203,-5.642016037253881,-0.782389836875081,-2.1951272041884344,-2.9760937151455007,5.111622287300389,-10.566329322977184,-10.513407748314282,-9.211031530383547
(omega^2)_400,-12.312736695702325,-11.709609043694122,-4.032274316051329,-5.303834596895671,-6.718832690952102,-9.895896922694115,-2.6898320058269953,-0.6057732411049266,-0.4065769348160888
(omega^2)_401,5.300413217305434,-0.8728966172884627,-2.10690323348226,5.227639689227871,8.13141017750696,6.631494195472229,-2.342507015218163,-3.0680649813431566,-5.707713936304794
(omega^2)_402,-5.296624476795319,0.9349230267507409,-9.1022725781796,-2.6184833265207086,-4.180913423358254,-4.394135806378307,-6.399670348632128,-4.8729103870715305,-2.2108363230225465
(omega^2)_403,12.277299024696049,9.451593643188035,15.169549442951666,8.105499659946823,7.2769316094437615,8.881475236049784,13.265013292496265,10.094155502296095,9.519812412086434
(omega^2)_404,-4.203654296388444,1.7298518443212771,-0.37568054859220446,-1.413236429786611,-1.8555339891303013,-0.05403574042498732,1.6574452127256527,0.12816648629913466,1.0722364953699528
(omega^2)_405,8.203811373568643,1.0057000942350516,-0.759985706328444,0.6023162196593113,2.5826499866615844,2.7867676143232245,-3.6804608467317097,1.4248785775499144,0.4846957943287974
(omega^2)_406,-10.359572750726498,-10.344006216366145,-2.5737738656999856,-7.2808066832070395,-8.072004532037411,-9.49821044078753,0.13632327283190135,-4.412058612945896,-5.024836112516706
(omega^2)_407,2.73513811944563,2.3857027510123876,8.706314734942705,16.07992060783121,16.81966439771059,15.86744982950875,1.2802087231545345,5.20768972186553,4.160036704618331
(omega^2)_408,-3.1856842239529555,2.152069315525097,-11.90536113989913,-17.785795165994326,-18.702797247633818,-21.23342826312974,-0.11502469464187029,-1.0494303409423238,1.0304690111492198
(omega^2)_409,12.857372901791136,4.796309011926516,4.271050681718543,10.349677156995696,10.360327931095886,12.909457534718873,1.794534241045759,-0.08686602366978374,-0.38013024081817814
(omega^2)_410,-11.576844918138054,-5.150689907523814,-6.288811184131087,-9.040242253381193,-4.7534272927182,-12.352898386577243,-10.028849937013232,-7.006082635367893,-8.737534678013985
(omega^2)_411,2.269158937467417,-0.730563551372733,3.7701770456385852,6.893977932415301,3.0485492674187973,6.222708604681191,11.71201905301408,10.403496044928385,10.208178886020173
(omega^2)_412,-7.819555923769799,-4.922272471556138,-4.906466035901777,-9.990935017160876,-6.487506763214892,-1.7642985817323633,-9.773612942917795,-10.008835881677358,-9.128179239804288
(omega^2)_413,5.499107234316071,4.424005220119485,4.3133496308306,5.32492598185864,5.075114211320131,5.7666407356674085,-2.7316814928137574,-4.580034328744462,-5.204142484896451
(omega^2)_414,3.901796849883703,-0.36852340180823406,2.3908806116213506,-2.798997446769178,-3.7101980068605083,-8.051405927382335,0.27005397274524773,2.0430633634857758,3.388667416338415
(omega^2)_415,1.0731182706594848,3.2759750991365824,4.4714869232739325,6.7245016959235935,4.3197164976903055,5.340160775220238,8.604029997935191,8.050948633832492,9.028986347553476
(omega^2)_416,-2.154338688257144,-1.691483216221257,-4.145114588851639,3.9925033048302407,2.4688947796411815,7.979730398123069,-7.779509903361431,-9.313524134245466,-9.700327786641314
(omega^2)_417,-9.123439648706103,-1.4164748733015815,-9.169581607547345,-8.798758090441153,-7.789529995506811,-9.301298679776306,1.0087711359877007,1.646960688563457,2.2709939042433698
(omega^2)_418,10.6981360228564,8.08829596379953,17.997597276329707,13.708269968513052,15.264399056414375,10.905702859756083,7.427693279359414,8.691853120877413,6.034026301514513
(omega^2)_419,-4.54658758018514,-5.36213520485337,-12.904797190035396,-15.201115490713631,-13.982388975706947,-14.456346488002632,-1.9867830595601876,-2.968755478895816,-1.288946257800325
(omega^2)_420,-6.339842948513229,-7.716811421912073,-0.2992541285043376,2.4993373894977537,0.7214597811160242,-0.9375080694926989,-3.2110065933622742,-5.471220383246522,-4.999262513160778
(omega^2)_421,4.900346165522405,1.5677703279693005,-1.9335466727043986,-3.817124585897228,-4.736400380971433,3.0585759020754413,-0.7988715394953234,4.647931293214044,2.450869357425925
(omega^2)_422,12.201629289456255,15.88737245705436,8.072938927734759,6.227133418976583,7.554328182487556,4.998205799979315,8.530805376379906,8.837708143369145,9.189043366762121
(omega^2)_423,-11.9928413546481,-13.849732651951184,-7.581949880535053,-1.2732731223436005,-1.439225050148462,-2.8064653316653345,-10.351807658561384,-11.532635774415127,-11.446631740337283
(omega^2)_424,2.495461773866956,5.174250152799837,6.722507598245018,5.419969347466945,4.572682002138601,3.9134679700126167,3.472290151052129,3.779821399773145,5.500177174095849
(omega^2)_425,-4.697910673813237,-7.313828707160561,-6.35540205188656,-8.389818127198208,-7.524404254623043,-12.234203221208027,-2.924500258732411,-4.243500878965638,-4.958333692493233
(omega^2)_426,-0.6567464326063231,3.140505327824896,1.2851606706008118,0.9209757051774159,1.4075238835654367,5.993241941749664,-0.22833480067482634,0.8648259708360299,0.11756604541292301
(omega^2)_427,7.203246010713321,-0.30024619530440877,4.169317890684826,2.0746544046185518,1.2650831249086039,-1.3399445432735413,0.5386179357015148,-1.404238531096411,-1.6383306989231918
(omega^2)_428,-7.351994537792007,-0.938223003780149,-6.261771069196602,-9.587324374563167,-10.327839465404823,-8.262713461240258,7.765457921284049,8.053745796012675,9.551503814850774
(omega^2)_429,8.745091358812793,6.998640016104644,9.969266711049922,11.676954774434986,12.786612830772034,14.022504376395986,-1.0631300261259753,-4.013566347123884,-4.437373242295001
(omega^2)_430,2.2788512318360725,1.6164974556977376,0.5334970302467968,8.906559472694804,7.922203670106921,8.291484278217327,-4.050033677222914,0.30419580124439216,-0.6242227968336935
(omega^2)_431,-3.487457321787054,-2.7320019893368235,-0.7150004119057696,-5.320958905069334,-6.93634066253532,-6.3052133488741156,0.2642084739695418,-0.3934747921926298,1.0705979561169867
(omega^2)_432,-5.213998867218646,-4.3662454568231945,1.080008316258094,1.3484746590709336,3.6866234677999934,1.8182040421776562,-2.1188932313819517,-3.8762804062999976,-3.45000535030887
(omega^2)_433,-3.2866676939714177,1.2722640868766446,-2.923748477750046,-10.02566529930426,-9.980917748482508,-7.112164408444231,5.066429805190024,4.236787922821724,2.913128513725485
(omega^2)_434,4.767210428000939,1.1360674047510757,-4.468155787226476,4.526386401903502,4.685345552513097,4.508566311912973,-6.718054978456539,-6.0911929805987315,-6.543657776805232
(omega^2)_435,5.835699225795845,2.0000229984737157,5.610808910413781,12.390447276565434,10.492016864133134,11.204100945921681,-2.0416049612800293,0.06557256157410504,0.03620399164519336
(omega^2)_436,-1.2416070806057316,-3.655108130055797,-4.379771989440258,-7.741290336042537,-6.1441076564940635,-5.935978452138074,-1.4079794128821985,-3.757156681821158,-2.0506745368526866
(omega^2)_437,-3.491243029989218,0.4599880710313594,2.013062213246336,-2.052225312645913,-5.089337630220959,-8.621235216739993,1.400615452166627,3.485266170876124,3.045169154818647
(omega^2)_438,-4.3874554425922945,-4.4506203226491925,-12.79036274188413,-5.748567129372109,-1.7187420180417732,0.632857045419833,-2.8882329044599047,-2.128203946040745,-2.936565245290224
(omega^2)_439,0.10996508147462276,3.763337611877698,12.29248529271157,-5.755799930478197,-6.542545895245635,-2.2127725351041887,2.5784232515008005,1.8163418990726437,4.81883240432115
(omega^2)_440,4.35201859715118,5.439463778240498,4.437310038266173,10.209577877181207,9.927464694150238,3.1701525534551958,10.243846940523344,8.431538103573923,6.025180732796109
(omega^2)_441,0.5444802294878148,-6.890862464946357,-13.302902598285781,-15.04432909825777,-14.010263438679056,-8.679980813903914,-5.840278564002627,-4.87829329272534,-5.761283109405049
(omega^2)_442,8.282794294100626,7.655061113018551,6.412947270329578,10.298646030585884,8.656495950720952,6.259434889735637,3.4860836957771824,5.002579881477958,3.7680226430487354
(omega^2)_443,-10.035330432981558,-3.9756014054209876,4.633151163999243,7.475719436847881,8.099152438827272,2.5917266664773875,0.8720055130886701,1.4347506876720129,1.907823541065506
(omega^2)_444,-1.6131125507235093,-0.36562726920693484,-5.128015868091869,-2.864603635173628,-4.2881758690559435,0.9527003245266059,-5.088063871387145,-7.008013488560328,-3.8930798297902105
(omega^2)_445,2.9430305217480495,-1.1631411322601597,-0.33904470753136184,2.5809954790010616,4.10918991683047,0.4866335429484823,11.623174549391134,10.295576144298158,9.550747419389154
(omega^2)_446,4.374659637477166,5.0963501102737,14.899385266561117,1.6959198436206546,2.3149437894342566,1.9168745501071918,1.7478287953451,2.4820970023192275,0.35683152174494714
(omega^2)_447,-7.0325349041531515,-13.142373641343049,-15.54224638370565,-6.966056696071561,-7.540596028123439,-6.693376814797425,-12.087105044679127,-15.579749241619352,-13.182485669521013
(omega^2)_448,2.8987465855062253,5.729647993276609,-3.7297055896190017,-3.4202232385313787,-3.4152538670145334,-2.944199031664603,-1.9862491410410212,0.10103916205075095,-0.9418086333234215
(omega^2)_449,-7.99481382766568,-5.804594426737638,-1.895188200667424,-8.879519017821451,-6.214869551628382,-5.216294273089359,-5.800352749871529,-3.060192304532683,-4.286107439106548
(omega^2)_450,8.610999575201204,10.21037268679027,6.0090952738838395,10.512868829830461,6.921211536083214,8.772471084854836,7.74802125016669,8.412453242306366,8.56152740372346
(omega^2)_451,-3.4493982620018433,-5.447179385136757,4.347902331963451,3.9271385756431862,4.423097849233097,5.35729773094365,1.797567346190005,0.5818754464290368,0.9907229583544949
(omega^2)_452,-2.289808463574038,-5.4872395234622235,-7.241235034532221,-8.216220321861382,-9.915218655856572,-9.826090808294152,-4.255740979632102,-1.3248978148973864,-0.543307199227321
(omega^2)_453,0.8591801936185026,2.3474903601304438,6.055419739139975,8.819905586508359,11.4141634087719,5.795471809588755,4.4911562283752255,2.2368737804723726,2.2189802340310165
(omega^2)_454,9.033889471676407,9.005960210853214,-5.1753047725904295,-3.5773520686394953,-3.2565706308570426,2.7527295837693417,-4.8886364526956045,-1.996445348339504,-5.321596732927088
(omega^2)_455,-2.83985235956727,-1.138270969265472,6.221462912945083,6.842696210054691,4.436058592978453,0.05105063142726572,3.682859816516359,2.4832569400017843,5.058536061830969
(omega^2)_456,6.24021617208022,6.7130071936901565,0.8185256821665075,-12.851371945545491,-12.23945979848222,-7.1531108875431,4.081717503737784,0.28147030941457135,-0.17522946693251287
(omega^2)_457,-8.3070654392105,-6.285453056104085,-1.9286338461240564,7.484706253014653,7.328706559572455,4.071847836538677,-1.5699471428971483,-1.3513770799649476,-0.6343076550177188
(omega^2)_458,4.747047459757666,4.08667041516262,-0.28245128512585277,3.467145755117866,5.657292803433001,4.812276747416837,-1.3681666502359358,0.9486360790900579,-0.6316444470412246
(omega^2)_459,-5.754983791949644,-7.70288818545359,-4.641077853010532,-13.43380241225763,-14.303728848437558,-16.166849571471307,4.292615928251574,1.6431009154577656,4.669716581470943
(omega^2)_460,4.46488039738505,6.46729546401903,13.197028880154093,16.543411903764866,16.312025494267836,17.27600081806353,-3.4063551294872774,-3.647231226092166,-5.584338112031585
(omega^2)_461,-12.887130126594814,-9.182254225031448,-11.353192979434187,-7.010275542689612,-7.004964072337313,-7.777424288562279,-0.9562161371629558,2.1975160842818853,2.495484231944269
(omega^2)_462,8.703606336783245,3.687467908421617,-2.2932483351779944,-0.6686476951001925,3.305990774015791,7.847331493673759,-7.884117586881816,-9.104336048229833,-8.688304312035998
(omega^2)_463,-1.0923278956812128,2.470754973956122,4.472274204496603,5.184039975798979,0.5779289751123645,-1.8202993754755508,13.83769977392745,10.184663742675362,10.805381924790119
(omega^2)_464,-3.2963581442091052,-3.7521514992688916,0.9034227531159045,-7.56445063618882,-7.887642622654294,-9.462309320324515,-2.841335647170564,-1.3876041691393206,-1.88235563077661
(omega^2)_465,4.666789871081109,5.953374708560224,4.355406897345624,7.143523323172092,7.969218850543554,11.460958588100803,-12.565643637999097,-11.708986542920442,-13.006456604271923
(omega^2)_466,3.0518528995691163,-0.7459497097084407,-5.869427902247789,-2.9306598532820085,-3.2821875567531604,-7.9510361040263104,7.345301175126662,8.439109156136302,8.475722463926285
(omega^2)_467,-1.1224075109475258,-0.30074658038288726,-1.5548909151459744,3.7551974538846884,4.280142592224468,2.7402479591908326,6.5989846423771885,6.8303064344791355,8.012162846819
(omega^2)_468,1.0452708950651215,7.338360830184554,5.17233581872794,3.7917149146568705,2.859408333403903,4.493807181957919,-7.286960165731735,-7.571092255909423,-5.965064358761585
(omega^2)_469,2.67926417349305,-5.370267213203768,5.277785306675102,0.35632720468688034,0.7563004467255235,5.0511241150233746,5.432144534399821,4.646680523308166,2.272959773815786
(omega^2)_470,-7.004374235137975,-6.040354015180223,-13.7953221678136,-12.367689496014787,-13.953673290716967,-15.012763743269446,1.5289000932262542,3.3892638365025403,4.0263600422733274
(omega^2)_471,11.146562150774482,10.902333383103207,12.291952903216265,8.613457078391834,9.436461010756968,12.616958397227311,3.638950528567366,2.266837164887228,2.8507727461900347
(omega^2)_472,-7.247043249892025,-2.5967798384318534,-5.723246224505819,-7.910556222065517,-7.094997783647076,-8.203050538179058,-7.229357188130437,-6.248046359749861,-7.229213668005202
(omega^2)_473,2.619845690117835,0.5250055854922978,9.849256049094825,15.813304458608703,15.17142764790688,15.909848066275218,3.035203013380625,2.0237071750766367,2.0295530265791193
(omega^2)_474,2.3823058374043233,-1.5960495130331227,-6.976217775430985,-13.474744487114519,-11.372030863912535,-16.14544465617045,2.3225162134148225,0.19363160139266813,0.4203938475788588
(omega^2)_475,-12.64783796690811,-9.000840188380142,-6.508665987977812,-2.4486771446357807,-2.933924068433198,-0.19237764601078064,-6.851575935677708,-5.270196133839649,-6.929613263732002
(omega^2)_476,11.898397563503064,10.61068198120303,8.924542001930133,15.733397397378601,14.37906305140589,10.334937557648805,8.208114359312683,12.458124317489023,13.578266299447584
(omega^2)_477,-8.830241174786051,-9.206280074107553,-9.07007166399208,-14.19679554429252,-12.043736865194232,-8.345912042154756,-9.477522313135724,-9.175781933150333,-9.556948689131294
(omega^2)_478,-3.4688902050137127,-2.5939195678136526,-7.561614951617151,-2.618788562130742,-5.67763873389527,-5.355730449944064,2.0776198546448557,1.1344465711474339,2.370903832979879
(omega^2)_479,2.98596191781706,0.16243533110021377,6.201352825491835,-10.14750352353516,-7.847969953579532,-7.113107491770477,-2.3634647315855344,-2.4274587154859626,-2.048381856811088
(omega^2)_480,0.4186470837420454,-0.3789842895593443,3.6195425942415587,9.248729546305476,9.40217654464389,4.4319553094605615,-0.6919277778477996,-2.3085177221263877,-3.0802876056280817
(omega^2)_481,7.905262334985178,11.02374215061518,1.990793079723137,1.464786184350981,2.7094485854444232,8.066970836713672,0.782084264833472,-0.309023836956961,0.6233253296860227
(omega^2)_482,-2.167107160635895,0.13576614907506634,-3.3236564961062243,2.4766257753805925,1.241783431875088,-3.801894630796948,-0.04512303415148988,0.4329012976151754,-1.995728881118245
(omega^2)_483,-2.9621063269289154,-7.892734377905881,-0.17023611084788753,-2.299061785864667,-4.4719276541482555,-1.9495284503823993,0.47382048063244087,-1.506373459394941,-0.40231084817099305
(omega^2)_484,-3.7317218068202718,-1.24484344233664,-1.2641277015870211,-3.3350681954057935,-0.7547480661950147,-0.9010450321353524,-6.0016737611336515,-6.720023934324018,-6.139360983018005
(omega^2)_485,-0.2237455040464272,0.7064820433315924,3.1985531593437924,5.376219437023667,6.0324060262875285,4.747152315589351,14.980451529735051,18.514731340729135,16.943011411334872
(omega^2)_486,4.8309012777779925,5.2088535440267965,-4.689102390113079,-4.281816071084399,-5.3196669227367686,-4.351408722646475,-11.449978382642351,-12.347287592519848,-10.591592398805549
(omega^2)_487,2.581676187345312,1.9049100715020462,-0.4935830533712878,6.579361204678134,6.113120576524312,5.060931240683805,-3.292728613719982,-4.5366505278930855,-3.538587426355599
(omega^2)_488,-11.711992974100424,-11.678516735112757,3.740363276314788,1.3894816291836827,-0.478198028420147,3.285432779416834,2.2495489836120086,2.959287707107626,2.1259144451001406
(omega^2)_489,2.7713250595061214,-1.3128465590453513,1.06036390357451,-5.94372411312979,-4.088689389075718,-8.371762105371255,-2.6609622200511973,-3.073215689351133,-3.3972662894778263
(omega^2)_490,6.866315490447729,9.705436176442284,4.400387269291834,3.5828030066077443,4.686361399739257,5.690676328603952,7.904192249387599,6.764667232645091,5.5920288217316
(omega^2)_491,2.180053416728956,4.335946419904618,-2.8661591037189043,-0.781246063943841,-1.9508480112854967,0.41790848798222835,-2.948574471764599,2.042279531301251,3.644620489378267
(omega^2)_492,-5.441120390129599,-8.05040854807154,0.12147377104812918,1.9239345432786772,2.4078134281519588,-2.4351287524888487,3.159901727773025,-2.4233897091049914,-2.953913133352756
(omega^2)_493,-5.1332115370987195,-5.654920766378101,-2.2090016006770394,-5.455848729590887,-5.834698749400172,-3.069733012254762,2.1548281871263035,3.388757857762835,3.7502091379682674
(omega^2)_494,4.544864014221827,6.65719941718958,-3.3224403778693623,-9.395545007845149,-10.093723690373762,-7.340827311966798,-0.6108100825432891,-4.211461037665381,-3.7455739033474145
(omega^2)_495,-1.1902126345731643,3.1425301776057353,4.854235629812807,14.603349529517168,16.71541598108302,10.187164759399687,3.655244085181218,9.711303087179044,10.706552421428595
(omega^2)_496,2.5614574776716106,-3.105575874396789,-0.24920481924309562,-5.865355319718009,-9.093534133844626,-1.672161302404567,-6.847960910239149,-5.7167970615684585,-8.505127929923624
(omega^2)_497,0.585213501704219,-1.588971637633495,-4.1034697899402275,3.709105885012156,6.358162760520008,2.0304281613314554,4.872848770155365,2.9295352637174097,3.553558380561145
(omega^2)_498,-0.33745434230424515,0.09899550313582191,9.838957338791403,3.8354448036369986,2.8659681020745027,2.539715827620599,3.6564884633969443,1.26748927691838,-0.7247247880183373
(omega^2)_499,0.8309882790016131,3.1126456813335146,-5.623533300712164,-1.8547612582785176,-2.051065416314655,-0.28836259235929085,-7.039766901662991,-4.997995668091598,-2.7160561746783864
intercepto,0.032067062187030954,0.02754239924463785,0.021417579003055208,0.018913755892105692,0.018491626090803626,0.019258409216776184,-0.0036183303589893794,0.008178690443277355,0.008428496049044413
MSE,0.8841716634271112,0.8926564419087137,0.8969537820966584,0.7958197874502907,0.8017962471793844,0.7998282548597567,0.90363035668304,0.9095325881669704,0.9078590492283043
