# Shape,Cry_st,Density,Lx,Ly,Lz,C00,C01,C02,C03,C04,C05,C11,C12,C13,C14,C15,C22,C23,C24,C25,C33,C34,C35,C44,C45,C55,(omega^2)_0,(omega^2)_1,(omega^2)_2,(omega^2)_3,(omega^2)_4,(omega^2)_5,(omega^2)_6,(omega^2)_7,(omega^2)_8,(omega^2)_9,(omega^2)_10,(omega^2)_11,(omega^2)_12,(omega^2)_13,(omega^2)_14,(omega^2)_15,(omega^2)_16,(omega^2)_17,(omega^2)_18,(omega^2)_19,(omega^2)_20,(omega^2)_21,(omega^2)_22,(omega^2)_23
0.000000000000000000e+00,0.000000000000000000e+00,9.351515814440926277e+00,1.222738200806587350e-01,4.519597621511811658e-01,2.034007915742068739e-01,9.906675859242020099e-01,3.788702786228720365e-02,7.107870273279026652e-03,0.000000000000000000e+00,0.000000000000000000e+00,0.000000000000000000e+00,3.065393906136481661e+00,7.361706595607281356e-02,0.000000000000000000e+00,0.000000000000000000e+00,0.000000000000000000e+00,8.881949555361574600e-01,0.000000000000000000e+00,0.000000000000000000e+00,0.000000000000000000e+00,2.045424616113674099e-01,0.000000000000000000e+00,0.000000000000000000e+00,1.242200809805681927e-01,0.000000000000000000e+00,1.208901452504568264e-01,5.827151961234277033e-01,1.458565869449591990e+00,2.409727306972056393e+00,2.769221674898433516e+00,3.666470386690231731e+00,4.494584211352544045e+00,5.356760967634097703e+00,7.460035709323108222e+00,8.034939282225378676e+00,8.048655968191669174e+00,8.287621236247067813e+00,8.600151433618968611e+00,8.875535985097712910e+00,9.147089716452757813e+00,9.628762162401882208e+00,9.798746562483394484e+00,1.110080931896228407e+01,1.237003269999988753e+01,1.280721227704567511e+01,1.368253781542284564e+01,1.435183013081625170e+01,1.570180689450531553e+01,1.573855158339051741e+01,1.606426142169071980e+01
0.000000000000000000e+00,0.000000000000000000e+00,9.109660902343534872e+00,1.051756751153569147e-01,3.555925461598740678e-01,4.134190003865814145e-01,3.668000483509024634e-01,9.214787804976268260e-02,2.644810877955237061e-01,0.000000000000000000e+00,0.000000000000000000e+00,0.000000000000000000e+00,3.258709918335643163e+00,3.979917469468374769e-02,0.000000000000000000e+00,0.000000000000000000e+00,0.000000000000000000e+00,2.556884111745001409e+00,0.000000000000000000e+00,0.000000000000000000e+00,0.000000000000000000e+00,2.218393982880650650e-01,0.000000000000000000e+00,0.000000000000000000e+00,1.392263822826887987e-01,0.000000000000000000e+00,1.747350238888339680e-01,3.303154197647294454e-01,1.671131119607202509e+00,2.222389498941112596e+00,2.669970159615840721e+00,3.296307302482098578e+00,3.711046646498302071e+00,4.329897588913934392e+00,4.825149366783713312e+00,5.574343939881440058e+00,5.635706416052721934e+00,6.524744649577062461e+00,8.351350773178461750e+00,8.895647300313678230e+00,9.138210594728775504e+00,1.049856822010929136e+01,1.089563678200663688e+01,1.103524155943249418e+01,1.155010483598536908e+01,1.301485205491555952e+01,1.361853898194179102e+01,1.430976606171489429e+01,1.473514454352931402e+01,1.521703716840417187e+01,1.555482162781101962e+01
0.000000000000000000e+00,0.000000000000000000e+00,6.496801863339262795e+00,4.332113438182895737e-01,2.443505450405964452e-01,1.854768188966273157e-01,5.578203959082221886e+00,2.418870216619772862e-01,1.861462980961041680e-01,0.000000000000000000e+00,0.000000000000000000e+00,0.000000000000000000e+00,4.907391626828236930e+00,5.533064130794668189e-02,0.000000000000000000e+00,0.000000000000000000e+00,0.000000000000000000e+00,1.476404613244334030e+00,0.000000000000000000e+00,0.000000000000000000e+00,0.000000000000000000e+00,1.943462939819395330e-01,0.000000000000000000e+00,0.000000000000000000e+00,2.931050354354094445e-01,0.000000000000000000e+00,4.142746997580409873e-02,3.981250880643734669e-01,1.114806150328636392e+00,1.232464290745841184e+00,2.970419746483114576e+00,4.105526388094753898e+00,4.227825093214732100e+00,5.189822800062256825e+00,6.491056468420255854e+00,7.661074219240147087e+00,8.075751383664021787e+00,9.336255793373597456e+00,9.567767417804512675e+00,1.080666371523528646e+01,1.091737750843537214e+01,1.158932985213423095e+01,1.189715836060388909e+01,1.206119979093941375e+01,1.441579901181591872e+01,1.484944983113199868e+01,1.515637561335074324e+01,1.636967064677984851e+01,1.672942279770453666e+01,1.674326573403275731e+01,1.926857532852015353e+01
0.000000000000000000e+00,0.000000000000000000e+00,3.679623847145461646e+00,2.757517147308652938e-01,1.478637340830447067e-01,1.896947505930255684e-01,3.230044764259436096e+00,1.076105131221741229e-01,1.716998909390584360e-01,0.000000000000000000e+00,0.000000000000000000e+00,0.000000000000000000e+00,4.022343156712323342e+00,6.815578046701689652e-02,0.000000000000000000e+00,0.000000000000000000e+00,0.000000000000000000e+00,2.730632398912889336e+00,0.000000000000000000e+00,0.000000000000000000e+00,0.000000000000000000e+00,8.445170156174985898e-02,0.000000000000000000e+00,0.000000000000000000e+00,1.862108832183058116e-01,0.000000000000000000e+00,1.580485313321546292e-01,4.683299403578812914e+00,1.133409946967525528e+01,1.358209730638553658e+01,1.637935132189050691e+01,1.691838927316909746e+01,1.932815667858024611e+01,2.039887343275102793e+01,2.079416126702362533e+01,2.198826112960268020e+01,2.539112405008163265e+01,3.164023583854138622e+01,3.308676543949632531e+01,3.887441387570473239e+01,4.023819671043629853e+01,4.320343654320886628e+01,4.656688434031555346e+01,4.852805114620696969e+01,4.928262932622703829e+01,5.273514890436182867e+01,5.363859250354229147e+01,5.675587816263625029e+01,5.958907953226498222e+01,6.079332861451546677e+01,6.657750417427361356e+01
0.000000000000000000e+00,0.000000000000000000e+00,8.202123731361869119e+00,2.266173201333309961e-01,2.859320388657732859e-01,1.780623817116423480e-01,2.737658871728645416e+00,2.916623673766838842e-01,2.346133090926626197e-01,0.000000000000000000e+00,0.000000000000000000e+00,0.000000000000000000e+00,3.385813091023272658e+00,1.209953094511847793e-01,0.000000000000000000e+00,0.000000000000000000e+00,0.000000000000000000e+00,1.355459186297755414e+00,0.000000000000000000e+00,0.000000000000000000e+00,0.000000000000000000e+00,2.564311357120986345e-01,0.000000000000000000e+00,0.000000000000000000e+00,1.650866157229848030e-01,0.000000000000000000e+00,3.999442483269222137e-03,7.810522279330651962e-02,1.264848351278963778e-01,2.304671821184906266e-01,3.695919725753438745e-01,5.182021447225311217e-01,8.448993060187577342e-01,9.361603969478856646e-01,1.469077958255356364e+00,1.493880429499098605e+00,2.113985465956909948e+00,2.336286632103270478e+00,2.892668924746956360e+00,3.368585254757912484e+00,3.782271206301734079e+00,3.965899377238285339e+00,4.591384444577149893e+00,5.189986344102796245e+00,5.190125025192880770e+00,6.010855953705429577e+00,6.024212741511491664e+00,6.194278321781416352e+00,6.214909572974526952e+00,6.625209961438682349e+00,6.943792590043395663e+00
0.000000000000000000e+00,0.000000000000000000e+00,7.026843177524475514e+00,4.102593033963257141e-01,7.741495338199448628e-02,3.755642732223671981e-02,3.246865962312566189e+00,1.670669056072255354e-01,2.893567201828795010e-02,0.000000000000000000e+00,0.000000000000000000e+00,0.000000000000000000e+00,5.467453651536485104e+00,7.247132569244363332e-03,0.000000000000000000e+00,0.000000000000000000e+00,0.000000000000000000e+00,5.444528097298469760e+00,0.000000000000000000e+00,0.000000000000000000e+00,0.000000000000000000e+00,1.865817461376509945e-01,0.000000000000000000e+00,0.000000000000000000e+00,1.875699271059079187e-01,0.000000000000000000e+00,1.276330214772425919e-01,6.314574316617540539e-01,7.935417833575610924e-01,1.869919000681556032e+00,2.868391189482936809e+00,4.232771909873963345e+00,5.827211940586752625e+00,7.494723602304406818e+00,1.127339113025229977e+01,1.255284730860737952e+01,1.504061485823289779e+01,1.986217081811030027e+01,2.176784292890260630e+01,2.560731154984760138e+01,2.705023838990427265e+01,3.117522371572895423e+01,3.147876576402812177e+01,3.559574442623354429e+01,3.949016731408587333e+01,4.831216977391088108e+01,5.311965963808560076e+01,5.377146525402535104e+01,5.649367835839444041e+01,6.807099120692873839e+01,7.411755792812489574e+01
0.000000000000000000e+00,0.000000000000000000e+00,3.956629499217390489e+00,1.167054875691432986e-01,4.796545969795756870e-01,4.206790740468289713e-01,1.231849819657505840e+00,2.275429150155346969e-01,2.795633120099499935e-02,0.000000000000000000e+00,0.000000000000000000e+00,0.000000000000000000e+00,4.828558110660469360e+00,1.430751843358060993e-01,0.000000000000000000e+00,0.000000000000000000e+00,0.000000000000000000e+00,4.271412697634832334e+00,0.000000000000000000e+00,0.000000000000000000e+00,0.000000000000000000e+00,9.363234676999160344e-02,0.000000000000000000e+00,0.000000000000000000e+00,1.982316059292644483e-01,0.000000000000000000e+00,1.535241030924498484e-01,2.555850788488437386e-01,1.916527761522531570e+00,3.706756585406496551e+00,3.908482028748844428e+00,4.103827939969357352e+00,4.903449657217897162e+00,6.246697152550999554e+00,6.408274771742497933e+00,8.499407215260140092e+00,1.002228409862472169e+01,1.025831050668831601e+01,1.039065140963583289e+01,1.177773942853764844e+01,1.564578424648844646e+01,1.600311829996193680e+01,1.613300689929529597e+01,1.647876859242500913e+01,2.009464666513209963e+01,2.049875915911858471e+01,2.143809977115274990e+01,2.157961155696241917e+01,2.488145032953277180e+01,2.530288025366605353e+01,2.645012069796437970e+01
0.000000000000000000e+00,0.000000000000000000e+00,8.817879621383362121e+00,3.800379710726647237e-02,3.705352278212115102e-01,4.580193728660544306e-01,2.385944681385757882e+00,5.296007655055148811e-02,2.870795168328615921e-02,0.000000000000000000e+00,0.000000000000000000e+00,0.000000000000000000e+00,5.141304464688476017e+00,2.219097063192768671e-01,0.000000000000000000e+00,0.000000000000000000e+00,0.000000000000000000e+00,1.934441090917111694e+00,0.000000000000000000e+00,0.000000000000000000e+00,0.000000000000000000e+00,1.771735149487567162e-01,0.000000000000000000e+00,0.000000000000000000e+00,1.903114652957256792e-01,0.000000000000000000e+00,2.320658020074244376e-01,4.117857695973946297e-02,2.687110676376254781e-01,4.141121404525546779e-01,1.409433068673916489e+00,1.507729241873383863e+00,1.672481707495886427e+00,1.908360643498600684e+00,1.928542478201235921e+00,2.101334482954666516e+00,2.882880671708033749e+00,3.837470260287261237e+00,4.970455010898066739e+00,5.272147605090873768e+00,5.290401073479266358e+00,6.642345262890016144e+00,6.792854694533368765e+00,7.416341992570453456e+00,7.510551659438575278e+00,7.516209377203646014e+00,9.404422413057853092e+00,1.025468955614268829e+01,1.048992849164561214e+01,1.089355225775340763e+01,1.109603698322833765e+01
0.000000000000000000e+00,0.000000000000000000e+00,9.377299540149651946e+00,4.633738846946858225e-01,1.628524675762060003e-01,1.186589413461543729e-01,2.166994547901926360e+00,2.405632525908732444e-01,2.094703466660907676e-01,0.000000000000000000e+00,0.000000000000000000e+00,0.000000000000000000e+00,4.685134877026253974e+00,4.423788148573581935e-02,0.000000000000000000e+00,0.000000000000000000e+00,0.000000000000000000e+00,1.159880989589279654e+00,0.000000000000000000e+00,0.000000000000000000e+00,0.000000000000000000e+00,2.564921935214784510e-01,0.000000000000000000e+00,0.000000000000000000e+00,5.119648642009386186e-02,0.000000000000000000e+00,2.951407729946911584e-01,4.295857551078255399e-01,6.629490529378988528e-01,1.569764087741263747e+00,1.919258567477016619e+00,2.296804383705902453e+00,3.400134051879195596e+00,3.759709707240114884e+00,4.358504944953660143e+00,5.978298277609916056e+00,6.580163454031055181e+00,7.429641749877038848e+00,8.138062941833133834e+00,1.035715335542008653e+01,1.076670751094376222e+01,1.179505189545262134e+01,1.293166895499065916e+01,1.363269712193206828e+01,1.387897222164646927e+01,1.456153549249469314e+01,1.482955410440122179e+01,1.484856467529809620e+01,1.623775292187807651e+01,1.843881562329261214e+01,1.852996173319462159e+01
0.000000000000000000e+00,0.000000000000000000e+00,5.586990867275678063e+00,4.991305108319670225e-01,4.562689637761419559e-01,2.890247440769522225e-01,2.902142190518464115e+00,1.504039880115246863e-01,2.925313961541034513e-01,0.000000000000000000e+00,0.000000000000000000e+00,0.000000000000000000e+00,5.109238899125310596e+00,1.954749209431441148e-01,0.000000000000000000e+00,0.000000000000000000e+00,0.000000000000000000e+00,4.271103353148810733e+00,0.000000000000000000e+00,0.000000000000000000e+00,0.000000000000000000e+00,1.582605926260765294e-01,0.000000000000000000e+00,0.000000000000000000e+00,1.841098345489950716e-01,0.000000000000000000e+00,5.985099720825631797e-02,3.273826770766742333e-01,7.668725002315015526e-01,1.551457065220274378e+00,1.924497963640583453e+00,2.939215741330893028e+00,3.056279677612848023e+00,3.522956377355348945e+00,3.595239391258366446e+00,3.760552737624552222e+00,3.857114350152967663e+00,4.064564521234115269e+00,4.529671525749590977e+00,4.614533811385177486e+00,5.483227027010190824e+00,6.013089841174336314e+00,6.216644630909182290e+00,6.543940679934030946e+00,7.099205163999676493e+00,7.126962161990970657e+00,7.966442448057402537e+00,8.327509414680505984e+00,9.304656797840261007e+00,1.038256555602915121e+01,1.067658189132112234e+01
0.000000000000000000e+00,0.000000000000000000e+00,2.707139448070108756e+00,3.011895059908729078e-01,1.740274355262280137e-01,4.820192741957964877e-01,5.784199239031178053e-01,1.503446907818365708e-01,1.782607869565910885e-01,0.000000000000000000e+00,0.000000000000000000e+00,0.000000000000000000e+00,1.265485704212737872e+00,2.535213679986310642e-01,0.000000000000000000e+00,0.000000000000000000e+00,0.000000000000000000e+00,2.591348307588692723e+00,0.000000000000000000e+00,0.000000000000000000e+00,0.000000000000000000e+00,2.795541913926058442e-02,0.000000000000000000e+00,0.000000000000000000e+00,2.804377929788848256e-02,0.000000000000000000e+00,1.462215008708916963e-02,2.638546874838583189e-01,1.264813602825030081e+00,1.476631837588237017e+00,1.562963570897794918e+00,1.599539806890738936e+00,1.785855830045016246e+00,1.867315214715802307e+00,1.983964277978188528e+00,2.181038288341312636e+00,2.532156951685049506e+00,3.357577685913550436e+00,3.417823365801094582e+00,3.506622007232987226e+00,3.826122351735135485e+00,4.139383134189708713e+00,4.336095723934758617e+00,4.444030594172865278e+00,5.025282827054726731e+00,5.244545549006611296e+00,5.265662997237887666e+00,6.135064717848830007e+00,6.532797274039221058e+00,6.554144490547573199e+00,6.673643579441728590e+00
0.000000000000000000e+00,0.000000000000000000e+00,9.330001167779080617e+00,2.625467076678983380e-01,2.215632891485644629e-01,3.374697932683860535e-01,4.884900865871579789e+00,2.766899479189424693e-01,1.172410983360706871e-01,0.000000000000000000e+00,0.000000000000000000e+00,0.000000000000000000e+00,4.554774888404843125e+00,4.297724200226560320e-02,0.000000000000000000e+00,0.000000000000000000e+00,0.000000000000000000e+00,4.611288372736440100e-01,0.000000000000000000e+00,0.000000000000000000e+00,0.000000000000000000e+00,1.410125166808915420e-01,0.000000000000000000e+00,0.000000000000000000e+00,2.616384220623890200e-01,0.000000000000000000e+00,2.410300175421692392e-02,5.936767444883170874e-01,7.351602840873080469e-01,1.415797574893361110e+00,1.476729143417636170e+00,2.012729503859788327e+00,2.113019946590874998e+00,2.318797289153487373e+00,2.364535698007951048e+00,2.716714856619287133e+00,3.194229840114847008e+00,3.257664285005506866e+00,3.467955220629217905e+00,4.253033296683930153e+00,4.282311600421940589e+00,4.685223753028129323e+00,4.784032913466369941e+00,5.257369449556195562e+00,5.750421572105774537e+00,5.789218343006992562e+00,5.829967520742356690e+00,6.403844599163806883e+00,6.974488191293788830e+00,7.578072124861491510e+00,7.808510732138361554e+00
0.000000000000000000e+00,0.000000000000000000e+00,8.024429397617737436e+00,1.032789885389547441e-01,4.434912510647626704e-01,4.664206315184237228e-01,7.332298883457220029e-01,2.195970117306749181e-01,1.838139547088711301e-01,0.000000000000000000e+00,0.000000000000000000e+00,0.000000000000000000e+00,5.307647386466731732e-01,1.733603103575329929e-01,0.000000000000000000e+00,0.000000000000000000e+00,0.000000000000000000e+00,5.091940399535715978e-01,0.000000000000000000e+00,0.000000000000000000e+00,0.000000000000000000e+00,1.259312088858009770e-01,0.000000000000000000e+00,0.000000000000000000e+00,1.264647470614149172e-01,0.000000000000000000e+00,3.958518467156502130e-02,1.079397991775796761e-01,3.091175961141672812e-01,4.119686341908057603e-01,5.794652600552692157e-01,6.099369076665679401e-01,1.180296424178588932e+00,1.191643498326551143e+00,1.354024546550289143e+00,1.486953085847981137e+00,1.500620469013054459e+00,1.724061805971568884e+00,1.870670718554939826e+00,2.046383976301397567e+00,2.152796198178578813e+00,2.559446456341187393e+00,2.564712243136444414e+00,2.636134536810488704e+00,2.925682542719099111e+00,3.107896641855242503e+00,3.258540899726320106e+00,3.500674265652734984e+00,3.610704629674197363e+00,3.906890243318681399e+00,4.202279926258771781e+00
0.000000000000000000e+00,0.000000000000000000e+00,5.326706053659393092e+00,3.676687980863554972e-01,2.931102068092075186e-01,3.207004271354058633e-01,4.676839831886311138e+00,2.119967790251197637e-01,3.264126055541050064e-02,0.000000000000000000e+00,0.000000000000000000e+00,0.000000000000000000e+00,1.289057645534724461e+00,2.722423411506393887e-01,0.000000000000000000e+00,0.000000000000000000e+00,0.000000000000000000e+00,5.305333714483494667e+00,0.000000000000000000e+00,0.000000000000000000e+00,0.000000000000000000e+00,7.498972406841403204e-02,0.000000000000000000e+00,0.000000000000000000e+00,2.172309684272716590e-01,0.000000000000000000e+00,1.802826086243426440e-01,1.694649112561619653e+00,2.325933820408990105e+00,2.430076020052402086e+00,5.020095390950988445e+00,5.140483418173795727e+00,5.614807671412223478e+00,5.615992497581135723e+00,6.589018317536954328e+00,7.561610576604295808e+00,8.457970642201704692e+00,9.218835970343832287e+00,9.403674288533153458e+00,1.018447774119257154e+01,1.117086701928254300e+01,1.186369633534522805e+01,1.216394541751495595e+01,1.316874225191342873e+01,1.365473637191147915e+01,1.404626065757066833e+01,1.431600170347223155e+01,1.556417489374766028e+01,1.616533547301677487e+01,1.633914893983846639e+01,1.734715270184353031e+01
0.000000000000000000e+00,0.000000000000000000e+00,6.155579013903436980e+00,4.274575170462446283e-01,3.025185683921535196e-01,2.803329832631235585e-01,2.690275817672876268e+00,2.759430645678439542e-01,2.540091799320601251e-01,0.000000000000000000e+00,0.000000000000000000e+00,0.000000000000000000e+00,4.484705124663102893e+00,3.912795318725487137e-02,0.000000000000000000e+00,0.000000000000000000e+00,0.000000000000000000e+00,1.203528396963841951e+00,0.000000000000000000e+00,0.000000000000000000e+00,0.000000000000000000e+00,1.387052049650349117e-01,0.000000000000000000e+00,0.000000000000000000e+00,1.513818503290382533e-01,0.000000000000000000e+00,1.981437064585255259e-01,1.281650933896612887e+00,2.929300611125730036e+00,3.514625820111955790e+00,4.150263194109659715e+00,4.172348277415811602e+00,4.271664771755295575e+00,5.246420877217389922e+00,5.293675012033213889e+00,7.883556571292478665e+00,8.579488889245919125e+00,8.654042897050993943e+00,8.887914132664448630e+00,9.443540920989361709e+00,9.944273264871952733e+00,1.027059912266084574e+01,1.082400092102914613e+01,1.189096449917436260e+01,1.265535541327569469e+01,1.308724171294515592e+01,1.344169309330532691e+01,1.401393642743708767e+01,1.478156188272451743e+01,1.526966518602820422e+01,1.736044675685617733e+01
0.000000000000000000e+00,0.000000000000000000e+00,4.609803458315946401e+00,4.917539609763511010e-01,3.792630494673280839e-01,6.581612944622257377e-02,5.102349927537165541e+00,2.875912968376116430e-01,1.984414336769005915e-01,0.000000000000000000e+00,0.000000000000000000e+00,0.000000000000000000e+00,5.459523256373102207e+00,8.538533178346757735e-02,0.000000000000000000e+00,0.000000000000000000e+00,0.000000000000000000e+00,3.794704659735631314e+00,0.000000000000000000e+00,0.000000000000000000e+00,0.000000000000000000e+00,1.638196250148613586e-01,0.000000000000000000e+00,0.000000000000000000e+00,1.221544558072945597e-02,0.000000000000000000e+00,7.343524238445531260e-03,8.067062326304701853e-03,1.443442301482607548e-01,2.537506576065268193e-01,3.466693468789707744e-01,3.477056461077981386e-01,4.316322607690718516e-01,5.732395277232327224e-01,7.825851938466538149e-01,7.827550454974570027e-01,9.833043981391159649e-01,1.032850224972136299e+00,1.573650970482196820e+00,1.583260337911756688e+00,1.623375747961950832e+00,1.743127175102890947e+00,2.333905997736950511e+00,2.416155819683091899e+00,2.430340949211776902e+00,2.722036931446139452e+00,3.197694463937389209e+00,3.714985110544628988e+00,3.720448575937760793e+00,3.929758633104628807e+00,4.176661205816584399e+00
0.000000000000000000e+00,0.000000000000000000e+00,7.775850237540296028e+00,4.114985123859957739e-01,2.732950904272426484e-01,4.418717468642876511e-01,4.777948038673323516e+00,2.654494714205395955e-01,1.809265605266822674e-01,0.000000000000000000e+00,0.000000000000000000e+00,0.000000000000000000e+00,2.847900068269856089e+00,1.696851664283412220e-01,0.000000000000000000e+00,0.000000000000000000e+00,0.000000000000000000e+00,1.580336631030336614e+00,0.000000000000000000e+00,0.000000000000000000e+00,0.000000000000000000e+00,2.564158811373802305e-01,0.000000000000000000e+00,0.000000000000000000e+00,6.454859146474350995e-02,0.000000000000000000e+00,7.924269809476933157e-02,3.159810587716558317e-01,7.404281262299328148e-01,1.469373183344065525e+00,1.543781152605493423e+00,1.572632034798717715e+00,1.822055893938393289e+00,2.073158853981842409e+00,2.123900562610387954e+00,2.593262199146737501e+00,3.403519344819327497e+00,3.733090378760154149e+00,4.297613890831670780e+00,4.405715244905805683e+00,4.564488656060937011e+00,4.619115176855390636e+00,4.911732784052958323e+00,5.054804461745893818e+00,5.102630089457237617e+00,5.238180312859442189e+00,5.452383772427659814e+00,5.848064878610482964e+00,6.308822596116345771e+00,6.526864840663828105e+00,6.659921794676789908e+00
0.000000000000000000e+00,0.000000000000000000e+00,6.726107577055266518e+00,5.353993779996671365e-02,3.165703249003468667e-01,4.644817925272812786e-01,2.202004178938766543e+00,9.376772075375447435e-02,2.822048356004618896e-01,0.000000000000000000e+00,0.000000000000000000e+00,0.000000000000000000e+00,5.387181887431180094e+00,7.099071587441188602e-02,0.000000000000000000e+00,0.000000000000000000e+00,0.000000000000000000e+00,2.909444598972703577e+00,0.000000000000000000e+00,0.000000000000000000e+00,0.000000000000000000e+00,5.147911874909691377e-02,0.000000000000000000e+00,0.000000000000000000e+00,1.126120990457109006e-01,0.000000000000000000e+00,1.173093302595127063e-01,4.054717304362089048e-02,7.543884308056979515e-01,8.485388746918558489e-01,8.975894600030551729e-01,1.250914985064289331e+00,2.910622500216212050e+00,3.002840227212548285e+00,3.180266372508423700e+00,3.278739572021303506e+00,3.600988005945847448e+00,3.631678266452629700e+00,4.444480281427481749e+00,5.344665142133297131e+00,6.628309666516710053e+00,6.899579903509300394e+00,7.428424435032648709e+00,7.480517545281581526e+00,8.645209975073482767e+00,1.023494146618810419e+01,1.024173686138483497e+01,1.104611889996409602e+01,1.113626479883429710e+01,1.192171985802071354e+01,1.230803602525943141e+01
0.000000000000000000e+00,0.000000000000000000e+00,5.908796371213203003e+00,2.471150457654151533e-01,4.206636437077495017e-01,4.283541974353075599e-01,3.197893018716677638e+00,1.075893185530590879e-02,1.833629741094284227e-01,0.000000000000000000e+00,0.000000000000000000e+00,0.000000000000000000e+00,3.493950238296913202e+00,2.475394793903412938e-01,0.000000000000000000e+00,0.000000000000000000e+00,0.000000000000000000e+00,5.468764962368507510e-01,0.000000000000000000e+00,0.000000000000000000e+00,0.000000000000000000e+00,1.970793381638340502e-01,0.000000000000000000e+00,0.000000000000000000e+00,2.824434722619263982e-01,0.000000000000000000e+00,1.887353966316518972e-01,1.033525466748029586e+00,2.406818026729941717e+00,2.892547266488500579e+00,3.177515758744740015e+00,3.925697667964565429e+00,4.697082569414270381e+00,4.830544950553594674e+00,5.450275898605456248e+00,5.460862980645813103e+00,6.049559186419954493e+00,6.294915922960481858e+00,6.592411470047256472e+00,8.514371253558152830e+00,8.759644509615679198e+00,8.939217614260606126e+00,9.037186313025758366e+00,9.454620480984869957e+00,1.155047485797837226e+01,1.228550965337017864e+01,1.433572550976861670e+01,1.446355820919008295e+01,1.463254384414477549e+01,1.466072053141767562e+01,1.620840260721196557e+01
0.000000000000000000e+00,0.000000000000000000e+00,2.011933266547716315e+00,1.711106669042757877e-01,2.999380151072593703e-01,1.828021326129773971e-01,3.801248626061213276e+00,3.483870581651615783e-03,2.760236671233562422e-01,0.000000000000000000e+00,0.000000000000000000e+00,0.000000000000000000e+00,4.182373681282760103e+00,1.530132861846748016e-01,0.000000000000000000e+00,0.000000000000000000e+00,0.000000000000000000e+00,2.200037292689646762e+00,0.000000000000000000e+00,0.000000000000000000e+00,0.000000000000000000e+00,2.777920411947135682e-01,0.000000000000000000e+00,0.000000000000000000e+00,1.203609406633075474e-01,0.000000000000000000e+00,2.107064296107303836e-01,1.113269523363906366e+01,2.460497466921116327e+01,3.087153842867473230e+01,3.532874729017026993e+01,3.665689092464849352e+01,4.396553454948211481e+01,4.501722184788327041e+01,4.523360802750383414e+01,6.017755218794339100e+01,6.765069213523204894e+01,6.883870115716221960e+01,7.300213088438532338e+01,7.528985428615735032e+01,8.163266659333160646e+01,9.523524386274561948e+01,9.968584047382519486e+01,1.035110332689355630e+02,1.210514444373897760e+02,1.225808872635732882e+02,1.295171845425986987e+02,1.371465621384945734e+02,1.408498278135666339e+02,1.468088122421606556e+02,1.480085546732932187e+02
0.000000000000000000e+00,0.000000000000000000e+00,3.032023985179130854e+00,7.005069499236289687e-02,4.438225196921569693e-01,4.097089710879424640e-01,4.996563365670647627e+00,2.417026613490276810e-01,1.545660830496906613e-01,0.000000000000000000e+00,0.000000000000000000e+00,0.000000000000000000e+00,3.937206877363137458e+00,8.065883580938357222e-02,0.000000000000000000e+00,0.000000000000000000e+00,0.000000000000000000e+00,7.237930283124300868e-01,0.000000000000000000e+00,0.000000000000000000e+00,0.000000000000000000e+00,1.666032489699222352e-01,0.000000000000000000e+00,0.000000000000000000e+00,1.530082251422550943e-01,0.000000000000000000e+00,2.811275588844566187e-01,2.947828481473843687e-01,1.350669432403945658e+00,2.247757385641029781e+00,4.551827232292926517e+00,4.812421106463712128e+00,5.220872192125334266e+00,7.146306080328225896e+00,8.064794793222397118e+00,8.125533300491316169e+00,8.501748990021701147e+00,9.522125191924299514e+00,1.391013233999381349e+01,1.514263511399530948e+01,1.836125623807672014e+01,1.897234106221470284e+01,1.914737309558987022e+01,1.978920833716011174e+01,2.069344959117375993e+01,2.116882717025586302e+01,2.128376535512497369e+01,2.309641674286215363e+01,2.697554522616782080e+01,2.791165100272089106e+01,3.046404470957341459e+01
0.000000000000000000e+00,0.000000000000000000e+00,9.764028526654598750e+00,2.705302289779958902e-01,4.138051160597028821e-01,2.791574447790078906e-01,1.180111229275142337e+00,1.754988235909168970e-01,7.640651562676809005e-02,0.000000000000000000e+00,0.000000000000000000e+00,0.000000000000000000e+00,1.712718969808856073e+00,2.841323981252047437e-01,0.000000000000000000e+00,0.000000000000000000e+00,0.000000000000000000e+00,3.640213677827324634e+00,0.000000000000000000e+00,0.000000000000000000e+00,0.000000000000000000e+00,2.508966890885336865e-01,0.000000000000000000e+00,0.000000000000000000e+00,2.805829317131263156e-01,0.000000000000000000e+00,9.810435181951412953e-02,6.982376616494603283e-01,1.540144429968091533e+00,1.803896132619492887e+00,3.155104622943276205e+00,3.166903087636143255e+00,3.613294654723961052e+00,3.706210115411445294e+00,4.727374185857194711e+00,4.752628040837976187e+00,6.011005438392636790e+00,6.645188012074672024e+00,7.343163819971194606e+00,7.659674834637430152e+00,7.662179497020125574e+00,8.097843203673644297e+00,9.281772510166117485e+00,9.631748679289440673e+00,1.045135615916915661e+01,1.098390020507992126e+01,1.125788374260841174e+01,1.127575765604023417e+01,1.132420937826518248e+01,1.149285275053694377e+01,1.191295755838564929e+01
0.000000000000000000e+00,0.000000000000000000e+00,3.062778512934945851e+00,3.977297375385774325e-01,1.941731400859502410e-01,2.539223510426011354e-01,4.425090935646110779e+00,2.391063043517071829e-01,7.681709904462741267e-02,0.000000000000000000e+00,0.000000000000000000e+00,0.000000000000000000e+00,7.946708824474815192e-01,2.652741992212965250e-01,0.000000000000000000e+00,0.000000000000000000e+00,0.000000000000000000e+00,4.461067530527528469e+00,0.000000000000000000e+00,0.000000000000000000e+00,0.000000000000000000e+00,1.333939983138021645e-03,0.000000000000000000e+00,0.000000000000000000e+00,2.870723582885331138e-01,0.000000000000000000e+00,2.220637773962017003e-01,1.497971529184136119e-01,1.534932107169854898e-01,2.641093279951542971e-01,4.493471426458911511e-01,5.915228732050569205e-01,1.024289983148512162e+00,1.064152886231966022e+00,1.668176737824546008e+00,1.817107283948970586e+00,2.397768069562195681e+00,2.837238660362789933e+00,3.187303251536657722e+00,3.282933977149029570e+00,3.904972708232808287e+00,4.097940169050381165e+00,4.287038768047980675e+00,4.525434479684626865e+00,4.682672138387773408e+00,4.801541479401570278e+00,5.550665328668219267e+00,5.570541519171427147e+00,5.887571338540293020e+00,5.896845651305529401e+00,6.439735475256737729e+00
0.000000000000000000e+00,0.000000000000000000e+00,3.150431749612780941e+00,2.921151996095281422e-01,3.197687349645659260e-01,3.756273350019272844e-02,4.984570649155391386e+00,1.670298234641930668e-01,2.241167716757602180e-01,0.000000000000000000e+00,0.000000000000000000e+00,0.000000000000000000e+00,4.729785775634047340e+00,2.611538383066699942e-01,0.000000000000000000e+00,0.000000000000000000e+00,0.000000000000000000e+00,5.244107146391776553e+00,0.000000000000000000e+00,0.000000000000000000e+00,0.000000000000000000e+00,6.369382884747215590e-02,0.000000000000000000e+00,0.000000000000000000e+00,2.948356230150052659e-01,0.000000000000000000e+00,2.014711324448808238e-01,3.743307684151903625e-01,3.706070976573212050e+00,4.414374507430565586e+00,9.154337448071650840e+00,1.002857958665990168e+01,1.107553139227726469e+01,1.129670253574733252e+01,1.241461932747406216e+01,1.463069097417784725e+01,2.145651641735591753e+01,2.328305661421941153e+01,2.385890337527174054e+01,2.529152518166146990e+01,2.644289728337123435e+01,3.662462275852163884e+01,3.919748663829555824e+01,4.085748675441654854e+01,4.106764800655569303e+01,4.204874310937453430e+01,4.681745571057006572e+01,4.992945580137057959e+01,5.384533761633290538e+01,5.573814826946826173e+01,5.996589700009482726e+01
0.000000000000000000e+00,0.000000000000000000e+00,4.835264235940877953e+00,2.759265617647673197e-01,3.420063843603471931e-01,2.080417606906331263e-01,2.365540123205694290e+00,1.195723785987228283e-01,2.104950876127609227e-02,0.000000000000000000e+00,0.000000000000000000e+00,0.000000000000000000e+00,1.218853543227505165e+00,2.570160566738188823e-02,0.000000000000000000e+00,0.000000000000000000e+00,0.000000000000000000e+00,4.129833780402045740e+00,0.000000000000000000e+00,0.000000000000000000e+00,0.000000000000000000e+00,2.842747798128282266e-01,0.000000000000000000e+00,0.000000000000000000e+00,1.482457786971885794e-02,0.000000000000000000e+00,2.638349786242985551e-01,7.348915798043893499e-01,9.029020674296094340e-01,1.502475479459996155e+00,2.734311142938378403e+00,3.460562508085273770e+00,4.067663526030001364e+00,4.257601089209162915e+00,6.229870940582321381e+00,6.252126688829889645e+00,6.273224884207206031e+00,6.964091544155617264e+00,8.390276311246205765e+00,9.046754943424156536e+00,9.222335642059105609e+00,9.875039046665587961e+00,1.010094399869735504e+01,1.014351371534947788e+01,1.040944852168310852e+01,1.111420921559385810e+01,1.371998316511448124e+01,1.382088577335100510e+01,1.394293105557463974e+01,1.418529253357391084e+01,1.520432299630728679e+01
0.000000000000000000e+00,0.000000000000000000e+00,2.219104415544937758e+00,1.369725573063483026e-01,3.236159747608281512e-01,1.897684992628066725e-01,1.193190369713686749e+00,1.809463595533277180e-01,2.581302765277355138e-01,0.000000000000000000e+00,0.000000000000000000e+00,0.000000000000000000e+00,5.216190970112200009e-01,1.912834637187577624e-01,0.000000000000000000e+00,0.000000000000000000e+00,0.000000000000000000e+00,3.828908174994454794e-01,0.000000000000000000e+00,0.000000000000000000e+00,0.000000000000000000e+00,1.719339656792562843e-01,0.000000000000000000e+00,0.000000000000000000e+00,1.303546809807820672e-02,0.000000000000000000e+00,1.523392356028782646e-01,2.889946113504223035e+00,3.807198059305950011e+00,5.220798356044136668e+00,6.498939837934681663e+00,6.608201140221257042e+00,8.031231843192440323e+00,8.898518556812010871e+00,9.569194637210474141e+00,1.182543940848981379e+01,1.342027732860670319e+01,1.617867902832905713e+01,1.735731960107887417e+01,1.813900769739560914e+01,1.947644257833594139e+01,1.989081041814848660e+01,2.065273984729691037e+01,2.333608065019053512e+01,2.371861350588210371e+01,2.388718119207475965e+01,2.720483991182405958e+01,2.888379149706982929e+01,2.919276276159082428e+01,2.936108588288471211e+01,3.250657096020044889e+01
0.000000000000000000e+00,0.000000000000000000e+00,7.155472981812319055e+00,2.027674731349672632e-01,4.250421642005447476e-02,3.941000191194252711e-01,3.642187346231578360e+00,2.247039249713690123e-01,1.598695586796510804e-01,0.000000000000000000e+00,0.000000000000000000e+00,0.000000000000000000e+00,3.875874369248936357e+00,7.835049674636090922e-02,0.000000000000000000e+00,0.000000000000000000e+00,0.000000000000000000e+00,2.663658997924475802e+00,0.000000000000000000e+00,0.000000000000000000e+00,0.000000000000000000e+00,4.425898826398200203e-02,0.000000000000000000e+00,0.000000000000000000e+00,2.448408145827946081e-01,0.000000000000000000e+00,2.624445687835141316e-01,2.615683134098319429e-01,6.166520100871359933e-01,1.261193442767353901e+00,2.087400231911116233e+00,3.139297362719767559e+00,4.515132262197026236e+00,5.524705855802046095e+00,5.936631304764295791e+00,7.592510821642505903e+00,7.770547897535102777e+00,9.518026155680532341e+00,1.163685676211701647e+01,1.220640292809057037e+01,1.258817919443903577e+01,1.383343679061092679e+01,1.417542128101765364e+01,1.597671104167728195e+01,1.650387407434875087e+01,1.745572762118050036e+01,1.903871843698777155e+01,1.948032782716692424e+01,2.251744529044539078e+01,2.314364857770089046e+01,2.357037118688646160e+01
0.000000000000000000e+00,0.000000000000000000e+00,8.043456514195852947e+00,1.171774953769084138e-01,4.096145340335346496e-01,9.707281350856854230e-02,2.914405809990454177e+00,2.405827169761246831e-01,1.802102963768256738e-01,0.000000000000000000e+00,0.000000000000000000e+00,0.000000000000000000e+00,1.151556774944610506e+00,1.883629222591823860e-01,0.000000000000000000e+00,0.000000000000000000e+00,0.000000000000000000e+00,8.576718508668161878e-01,0.000000000000000000e+00,0.000000000000000000e+00,0.000000000000000000e+00,2.765256230188938291e-01,0.000000000000000000e+00,0.000000000000000000e+00,1.563977072420795755e-01,0.000000000000000000e+00,4.732024757754643707e-02,4.597170816756790956e-01,8.133641053890009465e-01,1.304585535193365065e+00,2.005850354492272558e+00,2.299989498101701280e+00,4.424595243246487897e+00,4.463079820831119093e+00,6.064117955779511071e+00,6.308287348007334039e+00,7.912407069928781844e+00,7.996854682247902524e+00,1.030559771882241549e+01,1.217020077178381143e+01,1.325585868129741662e+01,1.505446886175326604e+01,1.597338171483796643e+01,1.659124056390661650e+01,1.846810353067085941e+01,2.144018994027971914e+01,2.400624732871264300e+01,2.424175953796290273e+01,2.483638028322343061e+01,2.588837354850459249e+01,2.639535369527214215e+01
0.000000000000000000e+00,0.000000000000000000e+00,7.622296063952044953e+00,2.428220742159538925e-01,1.013756450142154070e-01,4.188931798400531981e-01,2.332943792052284859e+00,2.030885479218302869e-02,8.712464155211707695e-03,0.000000000000000000e+00,0.000000000000000000e+00,0.000000000000000000e+00,5.077926576417138627e+00,7.328559014474375632e-02,0.000000000000000000e+00,0.000000000000000000e+00,0.000000000000000000e+00,1.551564172045770906e+00,0.000000000000000000e+00,0.000000000000000000e+00,0.000000000000000000e+00,1.863719167501622920e-01,0.000000000000000000e+00,0.000000000000000000e+00,3.299754424258449781e-03,0.000000000000000000e+00,2.472748131844836883e-01,1.581977845790877649e-02,7.851863919077933796e-02,9.343851089780574881e-02,2.189730658936027696e-01,2.872292708532049321e-01,3.842237895915788237e-01,5.868735077149506152e-01,6.682567260111903495e-01,8.716816452219101619e-01,1.156818783532064687e+00,1.192639727096791891e+00,1.424598727644202478e+00,1.562034640764480509e+00,1.612226397437302783e+00,1.806793651454090543e+00,2.145647409893899571e+00,2.606319625916861948e+00,2.736602844003419577e+00,3.555970754905450004e+00,4.659771393228513858e+00,5.112723215375310382e+00,5.242100950508270074e+00,5.985903068568911856e+00,6.389061428092068340e+00
0.000000000000000000e+00,0.000000000000000000e+00,7.289676434755814505e+00,2.559350310334508882e-01,1.451931253081965301e-01,4.921638552189437910e-01,4.821241581044827029e+00,1.116721317001571345e-01,9.854387253331506336e-02,0.000000000000000000e+00,0.000000000000000000e+00,0.000000000000000000e+00,4.932529477920094552e-01,1.226893704099821514e-01,0.000000000000000000e+00,0.000000000000000000e+00,0.000000000000000000e+00,1.251559379807686057e+00,0.000000000000000000e+00,0.000000000000000000e+00,0.000000000000000000e+00,2.842320713927706244e-01,0.000000000000000000e+00,0.000000000000000000e+00,3.619643424855334413e-02,0.000000000000000000e+00,5.060540530437662721e-02,1.697289852687988987e-01,6.592939535381888705e-01,7.397433294481861044e-01,1.460123349275548543e+00,1.620281430831946867e+00,1.740528538309076723e+00,2.924403244776140998e+00,2.960371493045391489e+00,3.406487110300074228e+00,3.424416925085792318e+00,3.717409572260855111e+00,3.773089400499913815e+00,4.112143744438471415e+00,4.203718632622800655e+00,4.785448082290233884e+00,5.126349698410577638e+00,5.785904790782334217e+00,5.932451134162426420e+00,6.707041873321629488e+00,6.734039120917760357e+00,6.781385163890419676e+00,6.966648314521643570e+00,7.782545708889220037e+00,7.833177453274975832e+00
0.000000000000000000e+00,0.000000000000000000e+00,7.803316938322375940e+00,3.749698841490218260e-01,1.143982261321395827e-01,3.000594986189971669e-01,5.140967163362075709e+00,1.570369745004352169e-01,7.317416469602341933e-02,0.000000000000000000e+00,0.000000000000000000e+00,0.000000000000000000e+00,3.616934073429299623e+00,2.329522910902226407e-01,0.000000000000000000e+00,0.000000000000000000e+00,0.000000000000000000e+00,2.539584416902333608e+00,0.000000000000000000e+00,0.000000000000000000e+00,0.000000000000000000e+00,4.365603044675891997e-02,0.000000000000000000e+00,0.000000000000000000e+00,9.651928105630813715e-02,0.000000000000000000e+00,2.318718989528095187e-01,3.145446676000099862e-01,1.818085099755518019e+00,1.988923696714065770e+00,2.288735862380085528e+00,3.146527284384864398e+00,3.315688712581660980e+00,3.956298917487897970e+00,4.940508216233631344e+00,5.018084791612018591e+00,5.029512108365376655e+00,5.932588325662994322e+00,6.207277498908934987e+00,7.195511409868773356e+00,7.275745402797752170e+00,7.347620075664414330e+00,8.984687880014984529e+00,9.734099193611077894e+00,1.057673128731976142e+01,1.095666692703334455e+01,1.183894856261313677e+01,1.191204765886253547e+01,1.280258010574083372e+01,1.333427897325607780e+01,1.449170671918858666e+01
0.000000000000000000e+00,0.000000000000000000e+00,5.343789006012759302e+00,2.439111055291793284e-01,1.075713785410850193e-01,4.739957003745590702e-01,5.621098605389013292e-01,1.618987069895786446e-01,1.602230048867576973e-01,0.000000000000000000e+00,0.000000000000000000e+00,0.000000000000000000e+00,4.868462747659091150e+00,1.314824643388656789e-02,0.000000000000000000e+00,0.000000000000000000e+00,0.000000000000000000e+00,2.636369026854457065e+00,0.000000000000000000e+00,0.000000000000000000e+00,0.000000000000000000e+00,5.403696962732185138e-03,0.000000000000000000e+00,0.000000000000000000e+00,2.571715206371414375e-01,0.000000000000000000e+00,2.549261745575319149e-01,1.265636541922395830e-01,1.589164627185313816e-01,3.253193387961699212e-01,6.796128927294582400e-01,8.045757943983186111e-01,1.021721100941650251e+00,1.163496278660841377e+00,1.567578971351789363e+00,2.173181317476192032e+00,2.173600649297424692e+00,2.830369170178979932e+00,3.444541475438437139e+00,3.545590210917629825e+00,3.886892593177139421e+00,4.709711871168173580e+00,4.964673931041785337e+00,5.207901499268418277e+00,5.920736291026948983e+00,6.532732436552284305e+00,6.550971945490526416e+00,6.957488617403638997e+00,7.500762684779765266e+00,7.502818712138791035e+00,7.708583234028962394e+00
0.000000000000000000e+00,0.000000000000000000e+00,7.806435996895739748e+00,3.822541156143179353e-01,4.950768740356990549e-01,1.576511406930632131e-01,4.712807381046093091e+00,1.900632279512131650e-01,5.750312911739247079e-02,0.000000000000000000e+00,0.000000000000000000e+00,0.000000000000000000e+00,4.835877586259286209e-01,2.292955588680259948e-01,0.000000000000000000e+00,0.000000000000000000e+00,0.000000000000000000e+00,7.414281232530131049e-01,0.000000000000000000e+00,0.000000000000000000e+00,0.000000000000000000e+00,1.817052350967588437e-01,0.000000000000000000e+00,0.000000000000000000e+00,1.216621351580855492e-01,0.000000000000000000e+00,2.569477213496264012e-01,4.740014329484841804e-01,5.558725450718586814e-01,1.346573013536800811e+00,1.601219172954873704e+00,2.077341729487322208e+00,2.498609431154929617e+00,2.593868782863843148e+00,3.279729874128784584e+00,3.544218010699172972e+00,3.688721174385391155e+00,4.950280689165536430e+00,5.156392482802491628e+00,5.684104011455811900e+00,6.129762462784290378e+00,6.245199806508970219e+00,6.398436600043152289e+00,6.605730708036524845e+00,7.295834732603229789e+00,7.658370730793219394e+00,8.023699217185694010e+00,8.554684577229838993e+00,8.792755047536889634e+00,9.304417423974538082e+00,9.513695957430130079e+00
0.000000000000000000e+00,0.000000000000000000e+00,6.724055802869640885e+00,4.961270917690707161e-01,3.034470013159155100e-01,4.279453266026041480e-01,1.433894496474572122e+00,2.261992870403708444e-01,1.051930081569140696e-01,0.000000000000000000e+00,0.000000000000000000e+00,0.000000000000000000e+00,4.175594120886337857e-01,1.187611832921821320e-01,0.000000000000000000e+00,0.000000000000000000e+00,0.000000000000000000e+00,2.398867489184389523e+00,0.000000000000000000e+00,0.000000000000000000e+00,0.000000000000000000e+00,2.129926533442733083e-01,0.000000000000000000e+00,0.000000000000000000e+00,1.630871419692676849e-01,0.000000000000000000e+00,5.456112845385488463e-02,4.334280360790270792e-01,9.478081129013323780e-01,1.051272032379985344e+00,1.556126613533253211e+00,1.698283990132571919e+00,1.833597470301001175e+00,2.704085912150558269e+00,2.768138198776540548e+00,2.880993416483472291e+00,3.544059483824041124e+00,4.000948745384975247e+00,4.107079796224189394e+00,4.472533251382437847e+00,4.706207251589638929e+00,4.899136874482858062e+00,4.901062524694154376e+00,4.916839636035366112e+00,5.168762169600440437e+00,5.195091858522257411e+00,5.353168279782609673e+00,5.358131278768925476e+00,5.679674930023496771e+00,6.031497275419171800e+00,6.189371980849096566e+00
0.000000000000000000e+00,0.000000000000000000e+00,5.450494181245335135e+00,4.697135288347414339e-01,4.243991777283989131e-01,4.539866648424664142e-01,1.516054872745322024e+00,5.834661838953555946e-02,2.380066598946390388e-01,0.000000000000000000e+00,0.000000000000000000e+00,0.000000000000000000e+00,3.415951982229193717e+00,1.932137768613140794e-01,0.000000000000000000e+00,0.000000000000000000e+00,0.000000000000000000e+00,3.875301223944736417e+00,0.000000000000000000e+00,0.000000000000000000e+00,0.000000000000000000e+00,1.970453517380997555e-01,0.000000000000000000e+00,0.000000000000000000e+00,3.673134911340003583e-02,0.000000000000000000e+00,2.158734341099179388e-01,3.396692921457950542e-01,5.137004339541981768e-01,1.098654146077315374e+00,1.226344976194464031e+00,1.730764417935815702e+00,2.356814747671645893e+00,2.439285527632842676e+00,2.561195719853663899e+00,3.007544897736590173e+00,3.022294627492325692e+00,3.171517741456187700e+00,4.068775557693680156e+00,4.529328856466156239e+00,4.639504690678244003e+00,4.717410038514203485e+00,4.988154756944401136e+00,5.068972859788278384e+00,5.933878746299281026e+00,6.336184358751506096e+00,6.616144870802833644e+00,6.853176904088465804e+00,6.893347309472012796e+00,7.158268394579600624e+00,7.314338462354225356e+00
0.000000000000000000e+00,0.000000000000000000e+00,8.808153150452373126e+00,3.465496197181782562e-02,3.405375347162118982e-01,2.156422143853478912e-01,4.784515307036423692e+00,1.087440007749307103e-01,1.473598338294636600e-01,0.000000000000000000e+00,0.000000000000000000e+00,0.000000000000000000e+00,1.664420595308613748e+00,6.625759118085383648e-03,0.000000000000000000e+00,0.000000000000000000e+00,0.000000000000000000e+00,2.719243861029852827e+00,0.000000000000000000e+00,0.000000000000000000e+00,0.000000000000000000e+00,1.305227105503873886e-01,0.000000000000000000e+00,0.000000000000000000e+00,1.143948525001698135e-01,0.000000000000000000e+00,2.879896652172037053e-02,1.056256428459932950e-01,4.001184740919810912e-01,6.556172135202761320e-01,1.418267815766987461e+00,1.812389406331432307e+00,3.106018640213912718e+00,3.478705417333093575e+00,3.616608608402084979e+00,3.670109842240115938e+00,3.939146585290608016e+00,4.119554910403222969e+00,4.781257162878008060e+00,5.278036483775011334e+00,5.947232763353439644e+00,6.037993071814141466e+00,7.918060508343325310e+00,8.111460192952334225e+00,9.017671785329056888e+00,1.013760779000554102e+01,1.044047699565511600e+01,1.152282216091264289e+01,1.156507823580189687e+01,1.255355147998965926e+01,1.360577838660901229e+01
0.000000000000000000e+00,0.000000000000000000e+00,9.985797291906379769e+00,1.407122787798607555e-01,2.309643304192942892e-01,3.568684177411781122e-01,1.337856763730475018e+00,2.571647416312722867e-01,7.342435415541470611e-03,0.000000000000000000e+00,0.000000000000000000e+00,0.000000000000000000e+00,3.727072270690623412e+00,9.761388104862434023e-03,0.000000000000000000e+00,0.000000000000000000e+00,0.000000000000000000e+00,2.519078803177670078e+00,0.000000000000000000e+00,0.000000000000000000e+00,0.000000000000000000e+00,1.585416808298245606e-02,0.000000000000000000e+00,0.000000000000000000e+00,1.098550801410016486e-01,0.000000000000000000e+00,1.537500260043485889e-01,1.151673637251506427e-01,3.398868806018229827e-01,4.604701466343495975e-01,1.081714661355343443e+00,1.150579282298282990e+00,1.836423240840631577e+00,1.919944293883322217e+00,2.365089919117134176e+00,2.579561835801400527e+00,3.091982400624261995e+00,3.640171868398839550e+00,4.265507579327143972e+00,4.382540970305327299e+00,4.672129833102945717e+00,5.245089351595137117e+00,5.611620350750785136e+00,5.999244977559005321e+00,6.528635455637843421e+00,7.339793009791126366e+00,7.387994047963651667e+00,7.820286833432729345e+00,7.871356112725251819e+00,8.343944956197409724e+00,8.552511265690307951e+00
0.000000000000000000e+00,0.000000000000000000e+00,7.804207357509934440e+00,2.827268855802758107e-01,3.130203059590939141e-01,1.213446418321246500e-01,3.449273597192009433e+00,6.810890781352985091e-02,1.179275396898818995e-01,0.000000000000000000e+00,0.000000000000000000e+00,0.000000000000000000e+00,3.816757044576443825e+00,2.557913359661161401e-01,0.000000000000000000e+00,0.000000000000000000e+00,0.000000000000000000e+00,2.642039731571205419e+00,0.000000000000000000e+00,0.000000000000000000e+00,0.000000000000000000e+00,1.538318953151635859e-01,0.000000000000000000e+00,0.000000000000000000e+00,7.124989351017416150e-02,0.000000000000000000e+00,5.586183937763539165e-02,3.339884886033332445e-01,1.320596696989087659e+00,2.675388058912171019e+00,3.316303265712532866e+00,3.673624275619117530e+00,3.712692233017805155e+00,5.129474714922144685e+00,5.320460868178892966e+00,5.548951639013512072e+00,5.571064996539910830e+00,6.036546090836945488e+00,7.978640483088446089e+00,9.051054566685159841e+00,9.293257209968611932e+00,9.628910081122590725e+00,1.013749901239404316e+01,1.023680659560975315e+01,1.050432150312251345e+01,1.120048486493361217e+01,1.196597087446091656e+01,1.366627167677183685e+01,1.379808708302102005e+01,1.529527539499701660e+01,1.627476504541837699e+01
0.000000000000000000e+00,0.000000000000000000e+00,4.963078800431564019e+00,1.253533335138052041e-01,1.524417774405537884e-01,1.535392811303536720e-01,3.911348051673929405e+00,2.113681183030372557e-01,2.518482284275051497e-01,0.000000000000000000e+00,0.000000000000000000e+00,0.000000000000000000e+00,2.650346159536195678e+00,7.570101021156516730e-04,0.000000000000000000e+00,0.000000000000000000e+00,0.000000000000000000e+00,9.886731828803545508e-01,0.000000000000000000e+00,0.000000000000000000e+00,0.000000000000000000e+00,2.864160762787447689e-01,0.000000000000000000e+00,0.000000000000000000e+00,2.235085667019525157e-01,0.000000000000000000e+00,1.940205599599981456e-01,1.580835132541081478e+01,2.205343684244785152e+01,3.330298193911450966e+01,3.730593169669108278e+01,3.863881316586872572e+01,4.181535332754263834e+01,5.080331616909875692e+01,5.295606062296951677e+01,5.690941164452391376e+01,6.506541133884707051e+01,7.176985337993916403e+01,7.522963970410638979e+01,7.648362523379077516e+01,8.179448291914874858e+01,8.740013120989813444e+01,9.570838495077335040e+01,9.881150693876435298e+01,1.004411087054699294e+02,1.066686254188071530e+02,1.202143035460285603e+02,1.250978215313036941e+02,1.263658541289630506e+02,1.294138921352743807e+02,1.332572867734160695e+02
0.000000000000000000e+00,0.000000000000000000e+00,3.133911418531993398e+00,2.352086611215017664e-01,1.165414788714728561e-01,2.686071310458004180e-01,3.478713407953957670e+00,2.224794755626199327e-01,7.584117654739927494e-02,0.000000000000000000e+00,0.000000000000000000e+00,0.000000000000000000e+00,3.762753124537337346e+00,3.001131522365968474e-02,0.000000000000000000e+00,0.000000000000000000e+00,0.000000000000000000e+00,9.722251183317043299e-01,0.000000000000000000e+00,0.000000000000000000e+00,0.000000000000000000e+00,4.461983431314031634e-02,0.000000000000000000e+00,0.000000000000000000e+00,8.623889839747203578e-02,0.000000000000000000e+00,2.527820332937450454e-01,1.679292772211841589e+00,5.562978738807050405e+00,7.036847997831607415e+00,7.716651115478571299e+00,8.817693203341482544e+00,1.182362666040422639e+01,1.265802117434718710e+01,1.709609831181172268e+01,1.810169071641089289e+01,1.895910052003918977e+01,2.678570861502711864e+01,2.742692406220919565e+01,2.985741339478892797e+01,3.181566199432336717e+01,3.858314937271798328e+01,4.036473220018226726e+01,4.063341653362516581e+01,4.234158472456738309e+01,4.352301707011179133e+01,4.497351842899205110e+01,4.503461026206745288e+01,4.504243520746850749e+01,4.505096312936488090e+01,5.016957491640990696e+01
0.000000000000000000e+00,0.000000000000000000e+00,4.814660703163823996e+00,1.494676311448188688e-01,3.097020780456554157e-01,4.416484752669038172e-01,2.433518988426582652e+00,1.146169019435649972e-02,7.216086438688873450e-04,0.000000000000000000e+00,0.000000000000000000e+00,0.000000000000000000e+00,2.582096307906801336e+00,3.455348582473694030e-02,0.000000000000000000e+00,0.000000000000000000e+00,0.000000000000000000e+00,4.179081870143518174e+00,0.000000000000000000e+00,0.000000000000000000e+00,0.000000000000000000e+00,2.335608340896438428e-01,0.000000000000000000e+00,0.000000000000000000e+00,2.992560831362903739e-01,0.000000000000000000e+00,1.411274345912880424e-01,1.231810567822331226e+00,5.970960327862907313e+00,6.792249412193996250e+00,7.840165578809131119e+00,8.223280999574637207e+00,8.619995835874425083e+00,9.846257774730538870e+00,1.193271050382966258e+01,1.223312593942155857e+01,1.640893731884664319e+01,1.673556606229131205e+01,1.719806534092572647e+01,1.938138626891737104e+01,1.967338303151908008e+01,2.003260003051631699e+01,2.539007561588614692e+01,2.605920750382259499e+01,2.805124909943209488e+01,2.876756651087480776e+01,3.222329290165006199e+01,3.269707598480067645e+01,3.486028776830328724e+01,3.832434966275745580e+01,3.868690205115860437e+01
0.000000000000000000e+00,0.000000000000000000e+00,9.141240229853714538e+00,1.747230961196432619e-01,2.906181299387628481e-01,3.432512838896538132e-01,2.886328773996226449e+00,1.662636852377416263e-01,2.203375840640262318e-01,0.000000000000000000e+00,0.000000000000000000e+00,0.000000000000000000e+00,1.544148745344470663e+00,5.462577819525535339e-02,0.000000000000000000e+00,0.000000000000000000e+00,0.000000000000000000e+00,8.203067039199103405e-01,0.000000000000000000e+00,0.000000000000000000e+00,0.000000000000000000e+00,2.629298019262145125e-01,0.000000000000000000e+00,0.000000000000000000e+00,4.164580226741909641e-02,0.000000000000000000e+00,2.809315380827743236e-01,6.451426374303385058e-01,1.127751927471759785e+00,1.415164251608493684e+00,2.564812369796632741e+00,3.204442042951815228e+00,3.627212733516745669e+00,4.353457342292480270e+00,4.503121432369510124e+00,5.047556965255203032e+00,5.285530355243215794e+00,5.696706791557270222e+00,7.337922230674004176e+00,7.465079945790465743e+00,7.758641578678338924e+00,7.843483029591761913e+00,8.508918529164098743e+00,8.827771907575801436e+00,8.876612538331619007e+00,8.885175539645940646e+00,9.369490219817253163e+00,9.529665957360020201e+00,1.024078206832683335e+01,1.151330000581105573e+01,1.153966054068272484e+01
0.000000000000000000e+00,0.000000000000000000e+00,5.636750039703746218e+00,1.108350226881606448e-01,2.090152121886497127e-01,3.368409947070395982e-01,3.689866561619654650e+00,2.598297494342258762e-01,5.471424483119094462e-02,0.000000000000000000e+00,0.000000000000000000e+00,0.000000000000000000e+00,4.302750914641660707e+00,3.860554010078176557e-02,0.000000000000000000e+00,0.000000000000000000e+00,0.000000000000000000e+00,5.383381513335844915e+00,0.000000000000000000e+00,0.000000000000000000e+00,0.000000000000000000e+00,7.944649130178901841e-02,0.000000000000000000e+00,0.000000000000000000e+00,1.881300235329516068e-01,0.000000000000000000e+00,2.171798535856222512e-01,8.444729968323868574e-01,3.557782600718507826e+00,4.383766063781853184e+00,7.569643138305377938e+00,7.855479003650671643e+00,1.061188579028926071e+01,1.215933133761214613e+01,1.656923554101254936e+01,1.667438446957641673e+01,1.872718896782363274e+01,2.430434557797570605e+01,2.601656856436292387e+01,2.615841245536680404e+01,2.717835532111121211e+01,3.058610043062266826e+01,3.096118745782757031e+01,3.133019124275313416e+01,3.271971596769738255e+01,3.392437236631678132e+01,3.462744482219736852e+01,3.584022137199263369e+01,3.707250856539006634e+01,3.943596591578847210e+01,4.315390905272966648e+01
0.000000000000000000e+00,0.000000000000000000e+00,6.652234815657781297e+00,4.697306990227063661e-01,1.042017397929753397e-01,4.279135942298124551e-01,2.139770147125943822e+00,5.125704730451047242e-02,8.190245734329804073e-03,0.000000000000000000e+00,0.000000000000000000e+00,0.000000000000000000e+00,3.600903292846319381e+00,1.094463097876589852e-01,0.000000000000000000e+00,0.000000000000000000e+00,0.000000000000000000e+00,1.114311511846511227e+00,0.000000000000000000e+00,0.000000000000000000e+00,0.000000000000000000e+00,2.728800908009327286e-01,0.000000000000000000e+00,0.000000000000000000e+00,1.885115604571087067e-01,0.000000000000000000e+00,7.104060312525845022e-02,2.144509678620870607e-01,1.039081457147397636e+00,1.400250383555057487e+00,1.511710933532922185e+00,1.950667292563118105e+00,2.246325761489329054e+00,2.824672295267582012e+00,3.396822773881731816e+00,3.424560490265383894e+00,3.989531659817667553e+00,4.357084984127570060e+00,5.847007895777457165e+00,6.042949904994748600e+00,6.735616102513115599e+00,6.858705325008616072e+00,7.318358200858377849e+00,8.369996584502160886e+00,8.918336230276880272e+00,9.000970873888029189e+00,9.400567652109490524e+00,9.409186368952562773e+00,9.640952088273060383e+00,1.058781492576322592e+01,1.073947024237081926e+01
0.000000000000000000e+00,0.000000000000000000e+00,2.316571922423499075e+00,4.496243300396651765e-02,1.199821991022150848e-02,1.384807336596279304e-01,5.285187583147116896e+00,1.239159882175860650e-01,1.755393007149791407e-02,0.000000000000000000e+00,0.000000000000000000e+00,0.000000000000000000e+00,2.039052035350217285e+00,5.334389540704212451e-02,0.000000000000000000e+00,0.000000000000000000e+00,0.000000000000000000e+00,1.707040460049837227e+00,0.000000000000000000e+00,0.000000000000000000e+00,0.000000000000000000e+00,2.456735918823939324e-01,0.000000000000000000e+00,0.000000000000000000e+00,2.359271660217179267e-01,0.000000000000000000e+00,2.543117322436503347e-01,1.099778800666897816e+01,1.215598162053228748e+01,5.605413328060227229e+01,7.036563208841737094e+01,7.735485101572209032e+01,1.544859545546523805e+02,2.194436782579478518e+02,2.390554997827365753e+02,3.361012175770173940e+02,3.789237963400428839e+02,4.795253700284727643e+02,5.345176870246743874e+02,5.511316892709714921e+02,6.206980919523218745e+02,8.572760570547063708e+02,9.695081700578482469e+02,1.020357474812314194e+03,1.062911386145415690e+03,1.148984845785322250e+03,1.163942471889909712e+03,1.215686622631672208e+03,1.325225265516470245e+03,1.359713570389754068e+03,1.515672172747350942e+03
