# Shape,Cry_st,bx,by,bz,C00,C01,C02,C03,C04,C05,C11,C12,C13,C14,C15,C22,C23,C24,C25,C33,C34,C35,C44,C45,C55,eig_0,eig_1,eig_2,eig_3,eig_4,eig_5,eig_6,eig_7,eig_8,eig_9,eig_10,eig_11,eig_12,eig_13,eig_14,eig_15,eig_16,eig_17,eig_18,eig_19,eig_20,eig_21,eig_22,eig_23
0.000000000000000000e+00,0.000000000000000000e+00,5.458477406749676630e-01,2.017612722686507265e+00,9.080100912774450306e-01,9.906675859242020099e-01,3.788702786228720365e-02,7.107870273279026652e-03,0.000000000000000000e+00,0.000000000000000000e+00,0.000000000000000000e+00,3.065393906136481661e+00,7.361706595607281356e-02,0.000000000000000000e+00,0.000000000000000000e+00,0.000000000000000000e+00,8.881949555361574600e-01,0.000000000000000000e+00,0.000000000000000000e+00,0.000000000000000000e+00,2.045424616113674099e-01,0.000000000000000000e+00,0.000000000000000000e+00,1.242200809805681927e-01,0.000000000000000000e+00,1.208901452504568264e-01,2.734401500312623190e-01,6.844346480511155351e-01,1.130768857130165950e+00,1.299462233508771547e+00,1.720497799424815843e+00,2.109091695662699273e+00,2.513669683605129546e+00,3.500635125300232797e+00,3.770409657136207127e+00,3.776846236606771878e+00,3.888981116877662014e+00,4.035636472061794322e+00,4.164861166343990284e+00,4.292288241418147798e+00,4.518313899857225202e+00,4.598079384214728726e+00,5.209074666044126722e+00,5.804660012098147526e+00,6.009807312071225205e+00,6.420555389575199001e+00,6.734622007973768198e+00,7.368101023550473805e+00,7.385343534657895503e+00,7.538183459966107947e+00
0.000000000000000000e+00,0.000000000000000000e+00,4.221782400897250431e-01,1.427358894175333237e+00,1.659475974947898003e+00,3.668000483509024634e-01,9.214787804976268260e-02,2.644810877955237061e-01,0.000000000000000000e+00,0.000000000000000000e+00,0.000000000000000000e+00,3.258709918335643163e+00,3.979917469468374769e-02,0.000000000000000000e+00,0.000000000000000000e+00,0.000000000000000000e+00,2.556884111745001409e+00,0.000000000000000000e+00,0.000000000000000000e+00,0.000000000000000000e+00,2.218393982880650650e-01,0.000000000000000000e+00,0.000000000000000000e+00,1.392263822826887987e-01,0.000000000000000000e+00,1.747350238888339680e-01,1.867540313757941606e-01,9.448256268704595673e-01,1.256496588957610960e+00,1.509550148511030754e+00,1.863669209964426532e+00,2.098154916142920712e+00,2.448041422801153111e+00,2.728047321796385205e+00,3.151627628493915090e+00,3.186320800881538684e+00,3.688966043044750620e+00,4.721694268573076947e+00,5.029429132354934495e+00,5.166569787574960770e+00,5.935690014640245593e+00,6.160184998010187485e+00,6.239114873588412991e+00,6.530208739482065816e+00,7.358348849551807902e+00,7.699661911446751716e+00,8.090468504235214908e+00,8.330969375783810804e+00,8.603422264752007109e+00,8.794399148529498333e+00
0.000000000000000000e+00,0.000000000000000000e+00,1.605827520678558828e+00,9.057584375804832444e-01,6.875253487292051213e-01,5.578203959082221886e+00,2.418870216619772862e-01,1.861462980961041680e-01,0.000000000000000000e+00,0.000000000000000000e+00,0.000000000000000000e+00,4.907391626828236930e+00,5.533064130794668189e-02,0.000000000000000000e+00,0.000000000000000000e+00,0.000000000000000000e+00,1.476404613244334030e+00,0.000000000000000000e+00,0.000000000000000000e+00,0.000000000000000000e+00,1.943462939819395330e-01,0.000000000000000000e+00,0.000000000000000000e+00,2.931050354354094445e-01,0.000000000000000000e+00,4.142746997580409873e-02,1.882439447731370230e-01,5.271094781178057298e-01,5.827413213520232782e-01,1.404492074158338655e+00,1.941200155013099504e+00,1.999026178498233053e+00,2.453883831604507737e+00,3.069141111657462950e+00,3.622356077184371248e+00,3.818426276171346778e+00,4.414425698466729386e+00,4.523890443970699948e+00,5.109672986153758423e+00,5.162021360565701045e+00,5.479737986996878085e+00,5.625287349459034303e+00,5.702850424176882704e+00,6.816166462240477841e+00,7.021207901048178712e+00,7.166330430950377028e+00,7.740008026544202835e+00,7.910108243940535466e+00,7.916653545956886084e+00,9.110685909380551450e+00
0.000000000000000000e+00,0.000000000000000000e+00,1.394354342983952000e+00,7.476814423066947546e-01,9.592023737324624211e-01,3.230044764259436096e+00,1.076105131221741229e-01,1.716998909390584360e-01,0.000000000000000000e+00,0.000000000000000000e+00,0.000000000000000000e+00,4.022343156712323342e+00,6.815578046701689652e-02,0.000000000000000000e+00,0.000000000000000000e+00,0.000000000000000000e+00,2.730632398912889336e+00,0.000000000000000000e+00,0.000000000000000000e+00,0.000000000000000000e+00,8.445170156174985898e-02,0.000000000000000000e+00,0.000000000000000000e+00,1.862108832183058116e-01,0.000000000000000000e+00,1.580485313321546292e-01,6.739776329186027981e-01,1.631099973236457501e+00,1.954611269489340497e+00,2.357166493398669793e+00,2.434739907171536100e+00,2.781531600767360057e+00,2.935619366958618581e+00,2.992505578132941491e+00,3.164349513251516921e+00,3.654058433962055208e+00,4.553373469812926011e+00,4.761544785029991900e+00,5.594450234171249647e+00,5.790713391308932145e+00,6.217443598222634371e+00,6.701480254731714048e+00,6.983713451392849159e+00,7.092305444301378436e+00,7.589160497193847554e+00,7.719175840220136031e+00,8.167787092373213653e+00,8.575515530837970246e+00,8.748820048862027576e+00,9.581225713375470576e+00
0.000000000000000000e+00,0.000000000000000000e+00,1.002883301014486417e+00,1.265377539699062082e+00,7.880059169899624738e-01,2.737658871728645416e+00,2.916623673766838842e-01,2.346133090926626197e-01,0.000000000000000000e+00,0.000000000000000000e+00,0.000000000000000000e+00,3.385813091023272658e+00,1.209953094511847793e-01,0.000000000000000000e+00,0.000000000000000000e+00,0.000000000000000000e+00,1.355459186297755414e+00,0.000000000000000000e+00,0.000000000000000000e+00,0.000000000000000000e+00,2.564311357120986345e-01,0.000000000000000000e+00,0.000000000000000000e+00,1.650866157229848030e-01,0.000000000000000000e+00,3.999442483269222137e-03,3.271084710444198407e-02,5.297246400344102907e-02,9.652077655318579141e-02,1.547869153121121666e-01,2.170255780470712603e-01,3.538479378129012476e-01,3.920685264650484725e-01,6.152569925338587931e-01,6.256443880965522064e-01,8.853473927207730076e-01,9.784482020763277665e-01,1.211463811729593942e+00,1.410779884954208807e+00,1.584033573072043843e+00,1.660937943980369536e+00,1.922894131698799525e+00,2.173591518013533896e+00,2.173649598328419419e+00,2.517375702119283964e+00,2.522969589801888901e+00,2.594193881788857681e+00,2.602834350111150385e+00,2.774670147948401944e+00,2.908094101964868727e+00
0.000000000000000000e+00,0.000000000000000000e+00,3.868440451973219396e+00,7.299654993106259315e-01,3.541292092152319992e-01,3.246865962312566189e+00,1.670669056072255354e-01,2.893567201828795010e-02,0.000000000000000000e+00,0.000000000000000000e+00,0.000000000000000000e+00,5.467453651536485104e+00,7.247132569244363332e-03,0.000000000000000000e+00,0.000000000000000000e+00,0.000000000000000000e+00,5.444528097298469760e+00,0.000000000000000000e+00,0.000000000000000000e+00,0.000000000000000000e+00,1.865817461376509945e-01,0.000000000000000000e+00,0.000000000000000000e+00,1.875699271059079187e-01,0.000000000000000000e+00,1.276330214772425919e-01,4.990561186261133209e-02,6.271553116856834476e-02,1.477842324492955051e-01,2.266959104365224298e-01,3.345262268609837664e-01,4.605386883844166390e-01,5.923261780764151885e-01,8.909634346074832845e-01,9.920819585658987583e-01,1.188696259880377193e+00,1.569755517785182075e+00,1.720365405213899912e+00,2.023807919543503697e+00,2.137845926248895356e+00,2.463853518031970058e+00,2.487843182080321291e+00,2.813217987824524702e+00,3.121003671110512911e+00,3.818227915431169794e+00,4.198175495687786807e+00,4.249689273890311370e+00,4.464832375835351641e+00,5.379815480730480992e+00,5.857690309276385676e+00
0.000000000000000000e+00,0.000000000000000000e+00,4.071624116839234198e-01,1.673420218271900684e+00,1.467666258901385357e+00,1.231849819657505840e+00,2.275429150155346969e-01,2.795633120099499935e-02,0.000000000000000000e+00,0.000000000000000000e+00,0.000000000000000000e+00,4.828558110660469360e+00,1.430751843358060993e-01,0.000000000000000000e+00,0.000000000000000000e+00,0.000000000000000000e+00,4.271412697634832334e+00,0.000000000000000000e+00,0.000000000000000000e+00,0.000000000000000000e+00,9.363234676999160344e-02,0.000000000000000000e+00,0.000000000000000000e+00,1.982316059292644483e-01,0.000000000000000000e+00,1.535241030924498484e-01,8.308221741221957779e-02,6.229994993312568674e-01,1.204943410272607984e+00,1.270517649648519543e+00,1.334018115089263601e+00,1.593948568225244999e+00,2.030593700047223837e+00,2.083117215688589319e+00,2.762874895959229526e+00,3.257911573708979880e+00,3.334635917078657030e+00,3.377655547648396706e+00,3.828551777097070730e+00,5.085924633026806418e+00,5.202082061516723144e+00,5.244304529658398550e+00,5.356700168288027086e+00,6.532101993487679614e+00,6.663465538791651710e+00,6.968813962512840021e+00,7.014814742401808800e+00,8.088132824968846890e+00,8.225125691448207377e+00,8.598055443241955587e+00
0.000000000000000000e+00,0.000000000000000000e+00,2.041644908608260534e-01,1.990594148279284381e+00,2.460577604960245690e+00,2.385944681385757882e+00,5.296007655055148811e-02,2.870795168328615921e-02,0.000000000000000000e+00,0.000000000000000000e+00,0.000000000000000000e+00,5.141304464688476017e+00,2.219097063192768671e-01,0.000000000000000000e+00,0.000000000000000000e+00,0.000000000000000000e+00,1.934441090917111694e+00,0.000000000000000000e+00,0.000000000000000000e+00,0.000000000000000000e+00,1.771735149487567162e-01,0.000000000000000000e+00,0.000000000000000000e+00,1.903114652957256792e-01,0.000000000000000000e+00,2.320658020074244376e-01,1.258140265219022738e-02,8.210002357182666355e-02,1.265248089385871688e-01,4.306279200866007240e-01,4.606606173165477824e-01,5.109978863767301593e-01,5.830666194444581452e-01,5.892328303094439557e-01,6.420264416333024693e-01,8.808143750192595212e-01,1.172472729149519832e+00,1.518636642491222100e+00,1.610813601603593215e+00,1.616390633462123194e+00,2.029453819858674013e+00,2.075439375996486202e+00,2.265935146474425732e+00,2.294719282306885599e+00,2.296447900208480331e+00,2.873358766274177967e+00,3.133143199804671930e+00,3.205016391778463092e+00,3.328336659167998146e+00,3.390202368238252273e+00
0.000000000000000000e+00,0.000000000000000000e+00,2.231461671144109093e+00,7.842458357077758402e-01,5.714238292193446478e-01,2.166994547901926360e+00,2.405632525908732444e-01,2.094703466660907676e-01,0.000000000000000000e+00,0.000000000000000000e+00,0.000000000000000000e+00,4.685134877026253974e+00,4.423788148573581935e-02,0.000000000000000000e+00,0.000000000000000000e+00,0.000000000000000000e+00,1.159880989589279654e+00,0.000000000000000000e+00,0.000000000000000000e+00,0.000000000000000000e+00,2.564921935214784510e-01,0.000000000000000000e+00,0.000000000000000000e+00,5.119648642009386186e-02,0.000000000000000000e+00,2.951407729946911584e-01,1.737048342710608706e-01,2.680662801349874558e-01,6.347408112667004554e-01,7.760603963770393854e-01,9.287226591685747712e-01,1.374858721357791413e+00,1.520254672875548829e+00,1.762380083908380968e+00,2.417350433965267165e+00,2.660717187822167595e+00,3.004207363747001924e+00,3.290660497445426991e+00,4.187959180982709917e+00,4.353564152433422763e+00,4.769379595009846540e+00,5.228975556023867988e+00,5.512439288491762568e+00,5.612021676576864238e+00,5.888019049470303301e+00,5.996393519548106177e+00,6.004080525059289464e+00,6.565804723951575106e+00,7.455813825099401271e+00,7.492669143802896059e+00
0.000000000000000000e+00,0.000000000000000000e+00,1.236205754657319744e+00,1.130049769450949260e+00,7.158329216756115221e-01,2.902142190518464115e+00,1.504039880115246863e-01,2.925313961541034513e-01,0.000000000000000000e+00,0.000000000000000000e+00,0.000000000000000000e+00,5.109238899125310596e+00,1.954749209431441148e-01,0.000000000000000000e+00,0.000000000000000000e+00,0.000000000000000000e+00,4.271103353148810733e+00,0.000000000000000000e+00,0.000000000000000000e+00,0.000000000000000000e+00,1.582605926260765294e-01,0.000000000000000000e+00,0.000000000000000000e+00,1.841098345489950716e-01,0.000000000000000000e+00,5.985099720825631797e-02,2.981812779267290492e-01,6.984701333856473404e-01,1.413072476792923915e+00,1.752839421101499928e+00,2.677047892937669094e+00,2.783670132181901735e+00,3.208720889144393240e+00,3.274556508947054301e+00,3.425124478266544426e+00,3.513073129916323811e+00,3.702019465353027172e+00,4.125640538457687967e+00,4.202933402590129042e+00,4.994142196758187602e+00,5.476743085919817844e+00,5.662141494513769580e+00,5.960243871310394681e+00,6.465980689533195935e+00,6.491261859588859373e+00,7.255863416179343162e+00,7.584724461871108048e+00,8.474713688042339044e+00,9.456476724117399257e+00,9.724267822203389144e+00
0.000000000000000000e+00,0.000000000000000000e+00,1.026437513180415761e+00,5.930760686998161058e-01,1.642695562990681868e+00,5.784199239031178053e-01,1.503446907818365708e-01,1.782607869565910885e-01,0.000000000000000000e+00,0.000000000000000000e+00,0.000000000000000000e+00,1.265485704212737872e+00,2.535213679986310642e-01,0.000000000000000000e+00,0.000000000000000000e+00,0.000000000000000000e+00,2.591348307588692723e+00,0.000000000000000000e+00,0.000000000000000000e+00,0.000000000000000000e+00,2.795541913926058442e-02,0.000000000000000000e+00,0.000000000000000000e+00,2.804377929788848256e-02,0.000000000000000000e+00,1.462215008708916963e-02,6.150211940063295135e-02,2.948165066244978760e-01,3.441894038425358238e-01,3.643125429108642899e-01,3.728381296825656332e-01,4.162666941380918084e-01,4.352541332095741233e-01,4.624439651778773364e-01,5.083801182615929060e-01,5.902226739602791650e-01,7.826207133371048119e-01,7.966634314451267462e-01,8.173615842808323873e-01,8.918341984439467351e-01,9.648524276434392588e-01,1.010704336879836296e+00,1.035862969990275051e+00,1.171347560275493027e+00,1.222455699509962912e+00,1.227377983949712092e+00,1.430027589829467427e+00,1.522735418496854010e+00,1.527711259824850787e+00,1.555565406755194058e+00
0.000000000000000000e+00,0.000000000000000000e+00,9.732553835422573796e-01,8.213306724529010339e-01,1.250993760305714853e+00,4.884900865871579789e+00,2.766899479189424693e-01,1.172410983360706871e-01,0.000000000000000000e+00,0.000000000000000000e+00,0.000000000000000000e+00,4.554774888404843125e+00,4.297724200226560320e-02,0.000000000000000000e+00,0.000000000000000000e+00,0.000000000000000000e+00,4.611288372736440100e-01,0.000000000000000000e+00,0.000000000000000000e+00,0.000000000000000000e+00,1.410125166808915420e-01,0.000000000000000000e+00,0.000000000000000000e+00,2.616384220623890200e-01,0.000000000000000000e+00,2.410300175421692392e-02,4.030800084751219314e-01,4.991410162038385501e-01,9.612633538120735066e-01,1.002633168926417406e+00,1.366553487240221187e+00,1.434646221007082723e+00,1.574359850948263917e+00,1.605414188851605140e+00,1.844528116684788666e+00,2.168739474770376763e+00,2.211808631212035081e+00,2.354586789360210375e+00,2.887619758038324491e+00,2.907498419327349648e+00,3.181057785421785411e+00,3.248144794634505672e+00,3.569519173452583960e+00,3.904279555396215962e+00,3.930620830995867010e+00,3.958287703682755510e+00,4.347924622732308286e+00,4.735366148928983776e+00,5.145172696543726332e+00,5.301630224376002509e+00
0.000000000000000000e+00,0.000000000000000000e+00,3.722091520471565440e-01,1.598306730481643845e+00,1.680942369892507893e+00,7.332298883457220029e-01,2.195970117306749181e-01,1.838139547088711301e-01,0.000000000000000000e+00,0.000000000000000000e+00,0.000000000000000000e+00,5.307647386466731732e-01,1.733603103575329929e-01,0.000000000000000000e+00,0.000000000000000000e+00,0.000000000000000000e+00,5.091940399535715978e-01,0.000000000000000000e+00,0.000000000000000000e+00,0.000000000000000000e+00,1.259312088858009770e-01,0.000000000000000000e+00,0.000000000000000000e+00,1.264647470614149172e-01,0.000000000000000000e+00,3.958518467156502130e-02,6.668768214338996470e-02,1.909799365169859986e-01,2.545236654069062965e-01,3.580069202475339440e-01,3.768330026172495573e-01,7.292141857806117011e-01,7.362246682884758808e-01,8.365474020026625324e-01,9.186737005877251283e-01,9.271177231928149354e-01,1.065164902919998990e+00,1.155743249704422881e+00,1.264302928064555243e+00,1.330046837936414317e+00,1.581284688724525989e+00,1.584538012509752125e+00,1.628664342693585176e+00,1.807553737804638683e+00,1.920129784988533039e+00,2.013201260590462560e+00,2.162796804275371354e+00,2.230776085299537748e+00,2.413766346618005709e+00,2.596264863702861803e+00
0.000000000000000000e+00,0.000000000000000000e+00,1.128741146443394960e+00,8.998466897111534468e-01,9.845485112519209991e-01,4.676839831886311138e+00,2.119967790251197637e-01,3.264126055541050064e-02,0.000000000000000000e+00,0.000000000000000000e+00,0.000000000000000000e+00,1.289057645534724461e+00,2.722423411506393887e-01,0.000000000000000000e+00,0.000000000000000000e+00,0.000000000000000000e+00,5.305333714483494667e+00,0.000000000000000000e+00,0.000000000000000000e+00,0.000000000000000000e+00,7.498972406841403204e-02,0.000000000000000000e+00,0.000000000000000000e+00,2.172309684272716590e-01,0.000000000000000000e+00,1.802826086243426440e-01,9.577746919928258329e-01,1.314561540748993451e+00,1.373420193226113639e+00,2.837236499994247652e+00,2.905276901301073078e+00,3.173353497324808092e+00,3.174023132419520721e+00,3.723953792460723999e+00,4.273639414373772816e+00,4.780240444273412770e+00,5.210263125610548940e+00,5.314729272590466458e+00,5.756020499685489789e+00,6.313503863058328669e+00,6.705074235872842792e+00,6.874767755354023180e+00,7.442654624351141557e+00,7.717326746822472217e+00,7.938606803753021524e+00,8.091057918996384046e+00,8.796495218085803813e+00,9.136256637945379566e+00,9.234491805577048851e+00,9.804191152495336681e+00
0.000000000000000000e+00,0.000000000000000000e+00,1.291575784995563803e+00,9.140689819815686068e-01,8.470345671311384494e-01,2.690275817672876268e+00,2.759430645678439542e-01,2.540091799320601251e-01,0.000000000000000000e+00,0.000000000000000000e+00,0.000000000000000000e+00,4.484705124663102893e+00,3.912795318725487137e-02,0.000000000000000000e+00,0.000000000000000000e+00,0.000000000000000000e+00,1.203528396963841951e+00,0.000000000000000000e+00,0.000000000000000000e+00,0.000000000000000000e+00,1.387052049650349117e-01,0.000000000000000000e+00,0.000000000000000000e+00,1.513818503290382533e-01,0.000000000000000000e+00,1.981437064585255259e-01,8.641413718292996204e-01,1.975054035112800310e+00,2.369704181796523201e+00,2.798276843685332249e+00,2.813167508280815632e+00,2.880130742492231555e+00,3.537351094692238629e+00,3.569211761122062398e+00,5.315415617650630864e+00,5.784641591768434843e+00,5.834908946846292466e+00,5.992594479645760863e+00,6.367220738941203884e+00,6.704834923207782182e+00,6.924857135929716634e+00,7.297983216180644384e+00,8.017373610027680897e+00,8.532757163892169316e+00,8.823952535112297824e+00,9.062938123130395596e+00,9.448767935834048615e+00,9.966332349388075329e+00,1.029543151902616671e+01,1.170512179196006564e+01
0.000000000000000000e+00,0.000000000000000000e+00,2.131772984199707288e+00,1.644120407600598632e+00,2.853155395016646056e-01,5.102349927537165541e+00,2.875912968376116430e-01,1.984414336769005915e-01,0.000000000000000000e+00,0.000000000000000000e+00,0.000000000000000000e+00,5.459523256373102207e+00,8.538533178346757735e-02,0.000000000000000000e+00,0.000000000000000000e+00,0.000000000000000000e+00,3.794704659735631314e+00,0.000000000000000000e+00,0.000000000000000000e+00,0.000000000000000000e+00,1.638196250148613586e-01,0.000000000000000000e+00,0.000000000000000000e+00,1.221544558072945597e-02,0.000000000000000000e+00,7.343524238445531260e-03,1.978844403452435525e-03,3.540753256215109501e-02,6.224484804582686159e-02,8.503773358525694437e-02,8.529193701722750931e-02,1.058790733260213668e-01,1.406152308472930212e-01,1.919675674276794253e-01,1.920092319116035173e-01,2.412038393211565768e-01,2.533573938837946349e-01,3.860154155214802763e-01,3.883725862224798320e-01,3.982128665449933269e-01,4.275878027755704025e-01,5.725054096515720392e-01,5.926812299514055971e-01,5.961608317004284396e-01,6.677136397247143140e-01,7.843920795405457946e-01,9.112830913602013583e-01,9.126232753676314369e-01,9.639668770973947032e-01,1.024531894999378245e+00
0.000000000000000000e+00,0.000000000000000000e+00,1.119273337488563280e+00,7.433609084224449548e-01,1.201888342164330714e+00,4.777948038673323516e+00,2.654494714205395955e-01,1.809265605266822674e-01,0.000000000000000000e+00,0.000000000000000000e+00,0.000000000000000000e+00,2.847900068269856089e+00,1.696851664283412220e-01,0.000000000000000000e+00,0.000000000000000000e+00,0.000000000000000000e+00,1.580336631030336614e+00,0.000000000000000000e+00,0.000000000000000000e+00,0.000000000000000000e+00,2.564158811373802305e-01,0.000000000000000000e+00,0.000000000000000000e+00,6.454859146474350995e-02,0.000000000000000000e+00,7.924269809476933157e-02,3.321032759862735384e-01,7.782067928667766310e-01,1.544344619047515632e+00,1.622549086262316864e+00,1.652872019316313335e+00,1.915022165440374291e+00,2.178937084785407485e+00,2.232267774068459776e+00,2.725577524095737836e+00,3.577176203824233625e+00,3.923562852655065214e+00,4.516889897190700331e+00,4.630506877797490262e+00,4.797381342327465603e+00,4.854795057510566281e+00,5.162342814769660393e+00,5.312714400482374089e+00,5.362980222429996502e+00,5.505446588697458843e+00,5.730579294204360963e+00,6.146449131845956870e+00,6.630715967378762343e+00,6.859883323166211966e+00,6.999729206625930011e+00
0.000000000000000000e+00,0.000000000000000000e+00,2.691362990570383418e-01,1.591345995829986260e+00,2.334872167525180231e+00,2.202004178938766543e+00,9.376772075375447435e-02,2.822048356004618896e-01,0.000000000000000000e+00,0.000000000000000000e+00,0.000000000000000000e+00,5.387181887431180094e+00,7.099071587441188602e-02,0.000000000000000000e+00,0.000000000000000000e+00,0.000000000000000000e+00,2.909444598972703577e+00,0.000000000000000000e+00,0.000000000000000000e+00,0.000000000000000000e+00,5.147911874909691377e-02,0.000000000000000000e+00,0.000000000000000000e+00,1.126120990457109006e-01,0.000000000000000000e+00,1.173093302595127063e-01,1.079283560878541159e-02,2.008029094925134483e-01,2.258638493085715626e-01,2.389201209063215037e-01,3.329682140809364088e-01,7.747487138072567392e-01,7.992952035617106876e-01,8.465224471680347085e-01,8.727340169134832903e-01,9.585100183327319723e-01,9.666791436151321859e-01,1.183030565221656394e+00,1.422641529188570120e+00,1.764321683237369598e+00,1.836528321916410578e+00,1.977296016995824024e+00,1.991162147062702115e+00,2.301179664585257800e+00,2.724333965065122154e+00,2.726142761529826153e+00,2.940252956085337654e+00,2.964247967186742549e+00,3.173320183461053379e+00,3.276149716892102326e+00
0.000000000000000000e+00,0.000000000000000000e+00,6.971937046178731112e-01,1.186832000642614515e+00,1.208529609654122927e+00,3.197893018716677638e+00,1.075893185530590879e-02,1.833629741094284227e-01,0.000000000000000000e+00,0.000000000000000000e+00,0.000000000000000000e+00,3.493950238296913202e+00,2.475394793903412938e-01,0.000000000000000000e+00,0.000000000000000000e+00,0.000000000000000000e+00,5.468764962368507510e-01,0.000000000000000000e+00,0.000000000000000000e+00,0.000000000000000000e+00,1.970793381638340502e-01,0.000000000000000000e+00,0.000000000000000000e+00,2.824434722619263982e-01,0.000000000000000000e+00,1.887353966316518972e-01,7.672054320780998804e-01,1.786626380809716252e+00,2.147192349672081946e+00,2.358729832070078913e+00,2.914119363730216961e+00,3.486732913812698786e+00,3.585804554601914607e+00,4.045842516964205160e+00,4.053701507489882339e+00,4.490701795769957094e+00,4.672834725365914821e+00,4.893671276653009272e+00,6.320378245746685053e+00,6.502449206206814658e+00,6.635749706069876908e+00,6.708473717508844913e+00,7.018342967466388416e+00,8.574135170568521147e+00,9.119765351859923541e+00,1.064167922100797092e+01,1.073657184295945832e+01,1.086201306453703452e+01,1.088292915052546483e+01,1.203180272343837132e+01
0.000000000000000000e+00,0.000000000000000000e+00,8.112981125202215482e-01,1.422115581290511299e+00,8.667316178280515260e-01,3.801248626061213276e+00,3.483870581651615783e-03,2.760236671233562422e-01,0.000000000000000000e+00,0.000000000000000000e+00,0.000000000000000000e+00,4.182373681282760103e+00,1.530132861846748016e-01,0.000000000000000000e+00,0.000000000000000000e+00,0.000000000000000000e+00,2.200037292689646762e+00,0.000000000000000000e+00,0.000000000000000000e+00,0.000000000000000000e+00,2.777920411947135682e-01,0.000000000000000000e+00,0.000000000000000000e+00,1.203609406633075474e-01,0.000000000000000000e+00,2.107064296107303836e-01,9.963389954618336875e-01,2.202062953381709320e+00,2.762899454342900629e+00,3.161804742453838024e+00,3.280669156401555764e+00,3.934768320578077905e+00,4.028890816922250373e+00,4.048256656398708131e+00,5.385689685918826797e+00,6.054510720876181473e+00,6.160833555613711709e+00,6.533446593610390707e+00,6.738190187877544979e+00,7.305850678882219285e+00,8.523235857212462463e+00,8.921549371022663877e+00,9.263891334666118027e+00,1.083369947876749606e+01,1.097057949722443482e+01,1.159135490858452755e+01,1.227415869063049847e+01,1.260558858475717869e+01,1.313889776415679478e+01,1.324627069978119209e+01
0.000000000000000000e+00,0.000000000000000000e+00,2.999485012270746154e-01,1.900393702118156058e+00,1.754323662749001311e+00,4.996563365670647627e+00,2.417026613490276810e-01,1.545660830496906613e-01,0.000000000000000000e+00,0.000000000000000000e+00,0.000000000000000000e+00,3.937206877363137458e+00,8.065883580938357222e-02,0.000000000000000000e+00,0.000000000000000000e+00,0.000000000000000000e+00,7.237930283124300868e-01,0.000000000000000000e+00,0.000000000000000000e+00,0.000000000000000000e+00,1.666032489699222352e-01,0.000000000000000000e+00,0.000000000000000000e+00,1.530082251422550943e-01,0.000000000000000000e+00,2.811275588844566187e-01,4.874907141002839811e-02,2.233640153265704920e-01,3.717179815368629736e-01,7.527485136523832665e-01,7.958436579621906981e-01,8.633903665565343388e-01,1.181804801796545679e+00,1.333697872019533603e+00,1.343742370357207117e+00,1.405958220532181224e+00,1.574700712316415840e+00,2.300357836376786036e+00,2.504180297963210400e+00,3.036452755488357358e+00,3.137509577202058697e+00,3.166455118462933704e+00,3.272597223478273420e+00,3.422134151223016563e+00,3.500748682886043461e+00,3.519756334847944146e+00,3.819519609738708521e+00,4.461022033064219627e+00,4.615828486815930276e+00,5.037925036407751911e+00
0.000000000000000000e+00,0.000000000000000000e+00,8.588727886111641174e-01,1.313738414056016879e+00,8.862622634249682774e-01,1.180111229275142337e+00,1.754988235909168970e-01,7.640651562676809005e-02,0.000000000000000000e+00,0.000000000000000000e+00,0.000000000000000000e+00,1.712718969808856073e+00,2.841323981252047437e-01,0.000000000000000000e+00,0.000000000000000000e+00,0.000000000000000000e+00,3.640213677827324634e+00,0.000000000000000000e+00,0.000000000000000000e+00,0.000000000000000000e+00,2.508966890885336865e-01,0.000000000000000000e+00,0.000000000000000000e+00,2.805829317131263156e-01,0.000000000000000000e+00,9.810435181951412953e-02,6.764040873248703400e-01,1.491984813652245334e+00,1.747489120439217336e+00,3.056445935406777448e+00,3.067875467471205209e+00,3.500308573145099800e+00,3.590318609607784150e+00,4.579551343698790689e+00,4.604015522112423930e+00,5.823044030389199044e+00,6.437396003233782693e+00,7.113546424853554484e+00,7.420160283948230351e+00,7.422586626676610067e+00,7.844627327236078251e+00,8.991535702420867082e+00,9.330568275802965772e+00,1.012454700230568605e+01,1.064043863794679723e+01,1.090585483478471041e+01,1.092316983906737171e+01,1.097010649796008153e+01,1.113347646863080875e+01,1.154044479007943380e+01
0.000000000000000000e+00,0.000000000000000000e+00,1.474898093613774552e+00,7.200507458057261445e-01,9.416182802834420773e-01,4.425090935646110779e+00,2.391063043517071829e-01,7.681709904462741267e-02,0.000000000000000000e+00,0.000000000000000000e+00,0.000000000000000000e+00,7.946708824474815192e-01,2.652741992212965250e-01,0.000000000000000000e+00,0.000000000000000000e+00,0.000000000000000000e+00,4.461067530527528469e+00,0.000000000000000000e+00,0.000000000000000000e+00,0.000000000000000000e+00,1.333939983138021645e-03,0.000000000000000000e+00,0.000000000000000000e+00,2.870723582885331138e-01,0.000000000000000000e+00,2.220637773962017003e-01,3.336347275879533725e-02,3.418667481087137722e-02,5.882357707231777172e-02,1.000805479999604813e-01,1.317465444562220256e-01,2.281343155333197537e-01,2.370127545102986566e-01,3.715435711890880399e-01,4.047140295173649038e-01,5.340413226299307592e-01,6.319221220898048053e-01,7.098900288484151222e-01,7.311893195673110357e-01,8.697324884800907707e-01,9.127110397869201419e-01,9.548279013792024816e-01,1.007924430091833079e+00,1.042945084627613150e+00,1.069420180739284687e+00,1.236268299351954925e+00,1.240695210861838982e+00,1.311305469709681093e+00,1.313371084945159195e+00,1.434285865363504886e+00
0.000000000000000000e+00,0.000000000000000000e+00,1.922376169541327506e+00,2.104360870923361215e+00,2.471959824073696743e-01,4.984570649155391386e+00,1.670298234641930668e-01,2.241167716757602180e-01,0.000000000000000000e+00,0.000000000000000000e+00,0.000000000000000000e+00,4.729785775634047340e+00,2.611538383066699942e-01,0.000000000000000000e+00,0.000000000000000000e+00,0.000000000000000000e+00,5.244107146391776553e+00,0.000000000000000000e+00,0.000000000000000000e+00,0.000000000000000000e+00,6.369382884747215590e-02,0.000000000000000000e+00,0.000000000000000000e+00,2.948356230150052659e-01,0.000000000000000000e+00,2.014711324448808238e-01,2.723059703189660910e-02,2.695971954481137245e-01,3.211225565791370196e-01,6.659299613489216840e-01,7.295264845120816855e-01,8.056867287027541513e-01,8.217757675718144750e-01,9.030983417208272579e-01,1.064305912930337161e+00,1.560848857663881706e+00,1.693720062117435976e+00,1.735609889044370746e+00,1.839825599855610339e+00,1.923581872064181963e+00,2.664248915484184188e+00,2.851411247409669336e+00,2.972167535829047580e+00,2.987455662939059398e+00,3.058825177948296226e+00,3.405723969500621617e+00,3.632105628680246223e+00,3.916965460478790462e+00,4.054657492505507221e+00,4.362204004172734351e+00
0.000000000000000000e+00,0.000000000000000000e+00,1.022823650642954663e+00,1.267772904345720208e+00,7.711835779593734230e-01,2.365540123205694290e+00,1.195723785987228283e-01,2.104950876127609227e-02,0.000000000000000000e+00,0.000000000000000000e+00,0.000000000000000000e+00,1.218853543227505165e+00,2.570160566738188823e-02,0.000000000000000000e+00,0.000000000000000000e+00,0.000000000000000000e+00,4.129833780402045740e+00,0.000000000000000000e+00,0.000000000000000000e+00,0.000000000000000000e+00,2.842747798128282266e-01,0.000000000000000000e+00,0.000000000000000000e+00,1.482457786971885794e-02,0.000000000000000000e+00,2.638349786242985551e-01,2.586002730654791137e-01,3.177213178178369124e-01,5.287046143132595466e-01,9.621740507600570202e-01,1.217733927213062950e+00,1.431366105527890786e+00,1.498203047266421839e+00,2.192223139671982235e+00,2.200054692968088421e+00,2.207478916126578206e+00,2.450587303573402931e+00,2.952446054369842532e+00,3.183453672647436505e+00,3.245238591484186585e+00,3.474917748655822702e+00,3.554411219376781172e+00,3.569391034975551769e+00,3.662970571638357598e+00,3.910968116990077625e+00,4.827911341557038938e+00,4.863417860831527939e+00,4.906364254798630142e+00,4.991648596208348110e+00,5.350234220491913995e+00
0.000000000000000000e+00,0.000000000000000000e+00,6.735001310143792219e-01,1.591234081380928922e+00,9.331001160330881783e-01,1.193190369713686749e+00,1.809463595533277180e-01,2.581302765277355138e-01,0.000000000000000000e+00,0.000000000000000000e+00,0.000000000000000000e+00,5.216190970112200009e-01,1.912834637187577624e-01,0.000000000000000000e+00,0.000000000000000000e+00,0.000000000000000000e+00,3.828908174994454794e-01,0.000000000000000000e+00,0.000000000000000000e+00,0.000000000000000000e+00,1.719339656792562843e-01,0.000000000000000000e+00,0.000000000000000000e+00,1.303546809807820672e-02,0.000000000000000000e+00,1.523392356028782646e-01,2.652523509651960598e-01,3.494418913564145135e-01,4.791885327497523162e-01,5.965021502436486101e-01,6.065306477182575984e-01,7.371428545324073545e-01,8.167463594813357819e-01,8.783040495124841973e-01,1.085392419478349080e+00,1.231773871278671884e+00,1.484952479813539394e+00,1.593133452947935735e+00,1.664880328884700278e+00,1.787636163249416654e+00,1.825668721421019658e+00,1.895602057342680835e+00,2.141891236605375948e+00,2.177001835664464480e+00,2.192473741818849131e+00,2.496983494094684453e+00,2.651085279267133998e+00,2.679444062121914438e+00,2.694893521001569869e+00,2.983600396117745746e+00
0.000000000000000000e+00,0.000000000000000000e+00,1.348919509666862693e+00,2.827611642324436847e-01,2.621767664858276170e+00,3.642187346231578360e+00,2.247039249713690123e-01,1.598695586796510804e-01,0.000000000000000000e+00,0.000000000000000000e+00,0.000000000000000000e+00,3.875874369248936357e+00,7.835049674636090922e-02,0.000000000000000000e+00,0.000000000000000000e+00,0.000000000000000000e+00,2.663658997924475802e+00,0.000000000000000000e+00,0.000000000000000000e+00,0.000000000000000000e+00,4.425898826398200203e-02,0.000000000000000000e+00,0.000000000000000000e+00,2.448408145827946081e-01,0.000000000000000000e+00,2.624445687835141316e-01,4.229100291816705048e-02,9.970180110167879695e-02,2.039128320748749279e-01,3.374959609913413816e-01,5.075692548422626738e-01,7.300175972664552093e-01,8.932479183885602136e-01,9.598490297274345773e-01,1.227575668965676270e+00,1.256361137656291538e+00,1.538897684806287192e+00,1.881475385414493884e+00,1.973560998741360484e+00,2.035287516696661747e+00,2.236623802223957735e+00,2.291916688786627798e+00,2.583153610917797938e+00,2.668386615873286072e+00,2.822284619044858722e+00,3.078226435306997910e+00,3.149626918665600961e+00,3.640675478133422960e+00,3.741921553024742941e+00,3.810915105321114105e+00
0.000000000000000000e+00,0.000000000000000000e+00,7.015713016480690234e-01,2.452465815995803489e+00,5.811994863756706486e-01,2.914405809990454177e+00,2.405827169761246831e-01,1.802102963768256738e-01,0.000000000000000000e+00,0.000000000000000000e+00,0.000000000000000000e+00,1.151556774944610506e+00,1.883629222591823860e-01,0.000000000000000000e+00,0.000000000000000000e+00,0.000000000000000000e+00,8.576718508668161878e-01,0.000000000000000000e+00,0.000000000000000000e+00,0.000000000000000000e+00,2.765256230188938291e-01,0.000000000000000000e+00,0.000000000000000000e+00,1.563977072420795755e-01,0.000000000000000000e+00,4.732024757754643707e-02,1.031521180782646596e-01,1.825040521311283581e-01,2.927251706178692348e-01,4.500761900335151222e-01,5.160756424846738577e-01,9.927983735480927496e-01,1.001433609978142458e+00,1.360677330359434389e+00,1.415464483115161487e+00,1.775399655339300775e+00,1.794348157417182676e+00,2.312387934083816710e+00,2.730770809018746803e+00,2.974372618345802799e+00,3.377947897808745381e+00,3.584135161461260655e+00,3.722771404261985495e+00,4.143905179971825170e+00,4.810787096008746211e+00,5.386563514327638913e+00,5.439408153314959193e+00,5.572830189980047422e+00,5.808878267902844783e+00,5.922635354700841681e+00
0.000000000000000000e+00,0.000000000000000000e+00,1.115611895506196216e+00,4.657561544091344263e-01,1.924545846521212633e+00,2.332943792052284859e+00,2.030885479218302869e-02,8.712464155211707695e-03,0.000000000000000000e+00,0.000000000000000000e+00,0.000000000000000000e+00,5.077926576417138627e+00,7.328559014474375632e-02,0.000000000000000000e+00,0.000000000000000000e+00,0.000000000000000000e+00,1.551564172045770906e+00,0.000000000000000000e+00,0.000000000000000000e+00,0.000000000000000000e+00,1.863719167501622920e-01,0.000000000000000000e+00,0.000000000000000000e+00,3.299754424258449781e-03,0.000000000000000000e+00,2.472748131844836883e-01,5.712632248975910675e-03,2.835362780713957323e-02,3.374129745693371651e-02,7.907270011455526382e-02,1.037204914020495028e-01,1.387458880719835697e-01,2.119241135495155692e-01,2.413121608348504643e-01,3.147703168273898733e-01,4.177353245881000321e-01,4.306705169450009141e-01,5.144325285618516208e-01,5.640615945786292551e-01,5.821861876988680962e-01,6.524457790609280439e-01,7.748082327008656289e-01,9.411601803252858112e-01,9.882063583183509081e-01,1.284085821109115511e+00,1.682675923979498611e+00,1.846239983571913434e+00,1.892959185360135521e+00,2.161551313738872437e+00,2.307134606967913726e+00
0.000000000000000000e+00,0.000000000000000000e+00,9.714070092216180452e-01,5.510836834084684721e-01,1.868018679251175707e+00,4.821241581044827029e+00,1.116721317001571345e-01,9.854387253331506336e-02,0.000000000000000000e+00,0.000000000000000000e+00,0.000000000000000000e+00,4.932529477920094552e-01,1.226893704099821514e-01,0.000000000000000000e+00,0.000000000000000000e+00,0.000000000000000000e+00,1.251559379807686057e+00,0.000000000000000000e+00,0.000000000000000000e+00,0.000000000000000000e+00,2.842320713927706244e-01,0.000000000000000000e+00,0.000000000000000000e+00,3.619643424855334413e-02,0.000000000000000000e+00,5.060540530437662721e-02,8.588578089889452316e-02,3.336140609800485324e-01,3.743228265566314605e-01,7.388474859649836191e-01,8.198902252469979501e-01,8.807373263485037684e-01,1.479798255690339071e+00,1.497998806911909231e+00,1.723740969327076655e+00,1.732813763474789326e+00,1.881073073812458585e+00,1.909248022958913937e+00,2.080815342767067477e+00,2.127153808586469630e+00,2.421518898776849671e+00,2.594020970027806072e+00,2.927767171741557206e+00,3.001922137784298616e+00,3.393878352006534538e+00,3.407539422849811039e+00,3.431497333555160623e+00,3.525243668858781820e+00,3.938101759877571606e+00,3.963722291915497298e+00
0.000000000000000000e+00,0.000000000000000000e+00,1.600007564376639158e+00,4.881406078199843623e-01,1.280362738044997784e+00,5.140967163362075709e+00,1.570369745004352169e-01,7.317416469602341933e-02,0.000000000000000000e+00,0.000000000000000000e+00,0.000000000000000000e+00,3.616934073429299623e+00,2.329522910902226407e-01,0.000000000000000000e+00,0.000000000000000000e+00,0.000000000000000000e+00,2.539584416902333608e+00,0.000000000000000000e+00,0.000000000000000000e+00,0.000000000000000000e+00,4.365603044675891997e-02,0.000000000000000000e+00,0.000000000000000000e+00,9.651928105630813715e-02,0.000000000000000000e+00,2.318718989528095187e-01,1.348063279898616684e-01,7.791878277294150834e-01,8.524051679267315995e-01,9.808974976441753313e-01,1.348526402829476112e+00,1.421024948574112656e+00,1.695575174000474084e+00,2.117383760201363874e+00,2.150631226593284318e+00,2.155528701479923370e+00,2.542565587775758029e+00,2.660290803295688900e+00,3.083824242117055192e+00,3.118210614167953754e+00,3.149014381399348750e+00,3.850622522013456450e+00,4.171802302649307848e+00,4.532934281983085789e+00,4.695765617999876795e+00,5.073890443490949309e+00,5.105218969324647027e+00,5.486879895372042348e+00,5.714753324201696572e+00,6.210799197537427041e+00
0.000000000000000000e+00,0.000000000000000000e+00,1.052763140532648078e+00,4.642969497376621679e-01,2.045848634250056364e+00,5.621098605389013292e-01,1.618987069895786446e-01,1.602230048867576973e-01,0.000000000000000000e+00,0.000000000000000000e+00,0.000000000000000000e+00,4.868462747659091150e+00,1.314824643388656789e-02,0.000000000000000000e+00,0.000000000000000000e+00,0.000000000000000000e+00,2.636369026854457065e+00,0.000000000000000000e+00,0.000000000000000000e+00,0.000000000000000000e+00,5.403696962732185138e-03,0.000000000000000000e+00,0.000000000000000000e+00,2.571715206371414375e-01,0.000000000000000000e+00,2.549261745575319149e-01,3.630447116730281532e-02,4.558479427286030866e-02,9.331704770116969194e-02,1.949452773506972214e-01,2.307905766159092653e-01,2.930781707189001328e-01,3.337460297863037439e-01,4.496561507418989079e-01,6.233716858538143057e-01,6.234919701495754696e-01,8.118843959381044639e-01,9.880582026312985100e-01,1.017043782473395774e+00,1.114945526660171105e+00,1.350969201421910570e+00,1.424104437683169078e+00,1.493873664039138349e+00,1.698348560956540299e+00,1.873898141612432289e+00,1.879130099638457674e+00,1.995738401513818872e+00,2.151575224027191258e+00,2.152164990389827892e+00,2.211188034563860594e+00
0.000000000000000000e+00,0.000000000000000000e+00,1.232475214329996849e+00,1.596241744726209388e+00,5.083035485511818719e-01,4.712807381046093091e+00,1.900632279512131650e-01,5.750312911739247079e-02,0.000000000000000000e+00,0.000000000000000000e+00,0.000000000000000000e+00,4.835877586259286209e-01,2.292955588680259948e-01,0.000000000000000000e+00,0.000000000000000000e+00,0.000000000000000000e+00,7.414281232530131049e-01,0.000000000000000000e+00,0.000000000000000000e+00,0.000000000000000000e+00,1.817052350967588437e-01,0.000000000000000000e+00,0.000000000000000000e+00,1.216621351580855492e-01,0.000000000000000000e+00,2.569477213496264012e-01,3.559429616439053756e-01,4.174226199246880986e-01,1.011185100278250815e+00,1.202407113238633363e+00,1.559942894983930906e+00,1.876286397246688997e+00,1.947819716377464871e+00,2.462854927521429094e+00,2.661467598510492305e+00,2.769979684074116655e+00,3.717325406612673522e+00,3.872101399167212854e+00,4.268377003724108221e+00,4.603036306462408689e+00,4.689721930499612057e+00,4.804792380358991366e+00,4.960456210891148743e+00,5.478677577477919947e+00,5.750917549613824953e+00,6.025254491193399176e+00,6.423988521316488232e+00,6.602763314789019233e+00,6.986987093392593273e+00,7.144141092998270715e+00
0.000000000000000000e+00,0.000000000000000000e+00,1.237575156536838028e+00,7.569400590786077299e-01,1.067497649989133324e+00,1.433894496474572122e+00,2.261992870403708444e-01,1.051930081569140696e-01,0.000000000000000000e+00,0.000000000000000000e+00,0.000000000000000000e+00,4.175594120886337857e-01,1.187611832921821320e-01,0.000000000000000000e+00,0.000000000000000000e+00,0.000000000000000000e+00,2.398867489184389523e+00,0.000000000000000000e+00,0.000000000000000000e+00,0.000000000000000000e+00,2.129926533442733083e-01,0.000000000000000000e+00,0.000000000000000000e+00,1.630871419692676849e-01,0.000000000000000000e+00,5.456112845385488463e-02,4.683721136326414181e-01,1.024222828716186084e+00,1.136028274181413167e+00,1.681585523756205625e+00,1.835203991884451824e+00,1.981426791135767695e+00,2.922096239033511456e+00,2.991312584938152330e+00,3.113266479130243347e+00,3.829790629823994763e+00,4.323515472981888763e+00,4.438203080764031583e+00,4.833120328792747777e+00,5.085633724945288314e+00,5.294117827806529952e+00,5.296198728866232663e+00,5.313247831302590818e+00,5.585481004276316774e+00,5.613933460105345219e+00,5.784754407017270061e+00,5.790117535683808825e+00,6.137584859038501151e+00,6.517772022349092254e+00,6.688374990584081914e+00
0.000000000000000000e+00,0.000000000000000000e+00,1.046203501773419253e+00,9.452738289031169527e-01,1.011174704068890762e+00,1.516054872745322024e+00,5.834661838953555946e-02,2.380066598946390388e-01,0.000000000000000000e+00,0.000000000000000000e+00,0.000000000000000000e+00,3.415951982229193717e+00,1.932137768613140794e-01,0.000000000000000000e+00,0.000000000000000000e+00,0.000000000000000000e+00,3.875301223944736417e+00,0.000000000000000000e+00,0.000000000000000000e+00,0.000000000000000000e+00,1.970453517380997555e-01,0.000000000000000000e+00,0.000000000000000000e+00,3.673134911340003583e-02,0.000000000000000000e+00,2.158734341099179388e-01,3.731865353853413558e-01,5.643903926735546195e-01,1.207065059579627730e+00,1.347355923645853659e+00,1.901549511930732850e+00,2.589376050665012308e+00,2.679984726091095837e+00,2.813924541420417480e+00,3.304317718307093088e+00,3.320522893966747269e+00,3.484470763813288574e+00,4.470266487865266924e+00,4.976265392986835678e+00,5.097312949547086802e+00,5.182905693781418854e+00,5.480366446876158371e+00,5.569159365441717746e+00,6.519410797304702854e+00,6.961414361208507096e+00,7.269000286557026236e+00,7.529421717998170394e+00,7.573555982580662871e+00,7.864618448890953850e+00,8.036088903291547680e+00
0.000000000000000000e+00,0.000000000000000000e+00,2.538306299341092642e-01,2.494270720121368079e+00,1.579473645428671746e+00,4.784515307036423692e+00,1.087440007749307103e-01,1.473598338294636600e-01,0.000000000000000000e+00,0.000000000000000000e+00,0.000000000000000000e+00,1.664420595308613748e+00,6.625759118085383648e-03,0.000000000000000000e+00,0.000000000000000000e+00,0.000000000000000000e+00,2.719243861029852827e+00,0.000000000000000000e+00,0.000000000000000000e+00,0.000000000000000000e+00,1.305227105503873886e-01,0.000000000000000000e+00,0.000000000000000000e+00,1.143948525001698135e-01,0.000000000000000000e+00,2.879896652172037053e-02,1.734191369208216288e-02,6.569257102110938329e-02,1.076410692097701793e-01,2.328551797706002180e-01,2.975631656686856807e-01,5.099548341980226773e-01,5.711435924279212317e-01,5.937849243331677629e-01,6.025689066563980623e-01,6.467401121730658176e-01,6.763600559588540673e-01,7.850001838963984735e-01,8.665628033028262012e-01,9.764333215862736060e-01,9.913346030704217604e-01,1.300009337169993007e+00,1.331762238721139191e+00,1.480546594473418409e+00,1.664420822458688720e+00,1.714146736383042713e+00,1.891849195134520434e+00,1.898786915785972917e+00,2.061077219785641290e+00,2.233834778531913035e+00
0.000000000000000000e+00,0.000000000000000000e+00,6.216371889432685816e-01,1.020351730161614512e+00,1.576569450448051191e+00,1.337856763730475018e+00,2.571647416312722867e-01,7.342435415541470611e-03,0.000000000000000000e+00,0.000000000000000000e+00,0.000000000000000000e+00,3.727072270690623412e+00,9.761388104862434023e-03,0.000000000000000000e+00,0.000000000000000000e+00,0.000000000000000000e+00,2.519078803177670078e+00,0.000000000000000000e+00,0.000000000000000000e+00,0.000000000000000000e+00,1.585416808298245606e-02,0.000000000000000000e+00,0.000000000000000000e+00,1.098550801410016486e-01,0.000000000000000000e+00,1.537500260043485889e-01,5.892535236966590928e-02,1.739030360466192748e-01,2.355994334549077196e-01,5.534590314658526244e-01,5.886935972630726877e-01,9.396054842813631458e-01,9.823390098361495237e-01,1.210097655812599315e+00,1.319832157456471977e+00,1.582012009169586841e+00,1.862493010984012320e+00,2.182445868494276464e+00,2.242325973233535219e+00,2.390494041258469871e+00,2.683648633224991364e+00,2.871184125755637861e+00,3.069512167511850631e+00,3.340374671027932063e+00,3.755403227380658127e+00,3.780065276306932898e+00,4.001247770085480049e+00,4.027377353851576025e+00,4.269177315462473921e+00,4.375890214688332946e+00
0.000000000000000000e+00,0.000000000000000000e+00,1.281485512885991662e+00,1.418793216295748172e+00,5.500057069388791797e-01,3.449273597192009433e+00,6.810890781352985091e-02,1.179275396898818995e-01,0.000000000000000000e+00,0.000000000000000000e+00,0.000000000000000000e+00,3.816757044576443825e+00,2.557913359661161401e-01,0.000000000000000000e+00,0.000000000000000000e+00,0.000000000000000000e+00,2.642039731571205419e+00,0.000000000000000000e+00,0.000000000000000000e+00,0.000000000000000000e+00,1.538318953151635859e-01,0.000000000000000000e+00,0.000000000000000000e+00,7.124989351017416150e-02,0.000000000000000000e+00,5.586183937763539165e-02,1.268723882583563667e-01,5.016557833287862422e-01,1.016301112566811327e+00,1.259765919686061109e+00,1.395501645463059548e+00,1.410342411623219272e+00,1.948536341220861168e+00,2.021086354813510066e+00,2.107883267820923390e+00,2.116283480934606942e+00,2.293106036614714682e+00,3.030850486426420076e+00,3.438229005838222996e+00,3.530234655267518118e+00,3.657739293427836103e+00,3.850937246513008283e+00,3.888661271994935387e+00,3.990282304961634718e+00,4.254734258681032166e+00,4.545519844175965218e+00,5.191414031873526014e+00,5.241486821717314726e+00,5.810224557581292970e+00,6.182303822178019992e+00
0.000000000000000000e+00,0.000000000000000000e+00,8.756208402594457541e-01,1.064839629800836684e+00,1.072505936520510517e+00,3.911348051673929405e+00,2.113681183030372557e-01,2.518482284275051497e-01,0.000000000000000000e+00,0.000000000000000000e+00,0.000000000000000000e+00,2.650346159536195678e+00,7.570101021156516730e-04,0.000000000000000000e+00,0.000000000000000000e+00,0.000000000000000000e+00,9.886731828803545508e-01,0.000000000000000000e+00,0.000000000000000000e+00,0.000000000000000000e+00,2.864160762787447689e-01,0.000000000000000000e+00,0.000000000000000000e+00,2.235085667019525157e-01,0.000000000000000000e+00,1.940205599599981456e-01,1.607967794371866654e+00,2.243195097825838591e+00,3.387457762819706897e+00,3.794623200895808068e+00,3.930199038757382635e+00,4.253305109236096726e+00,5.167527882296696795e+00,5.386497190359368581e+00,5.788617626048850440e+00,6.618216144541897883e+00,7.300167516914293664e+00,7.652084353158097763e+00,7.779635184034412454e+00,8.319836242497794743e+00,8.890022325319209884e+00,9.735107569681321849e+00,1.005074581151847823e+01,1.021650295497859595e+01,1.084994322384854115e+01,1.222776015953923512e+01,1.272449378355325855e+01,1.285347343091044081e+01,1.316350873119452736e+01,1.355444480491774506e+01
0.000000000000000000e+00,0.000000000000000000e+00,1.209027517417340380e+00,5.990504524973107037e-01,1.380703462450901586e+00,3.478713407953957670e+00,2.224794755626199327e-01,7.584117654739927494e-02,0.000000000000000000e+00,0.000000000000000000e+00,0.000000000000000000e+00,3.762753124537337346e+00,3.001131522365968474e-02,0.000000000000000000e+00,0.000000000000000000e+00,0.000000000000000000e+00,9.722251183317043299e-01,0.000000000000000000e+00,0.000000000000000000e+00,0.000000000000000000e+00,4.461983431314031634e-02,0.000000000000000000e+00,0.000000000000000000e+00,8.623889839747203578e-02,0.000000000000000000e+00,2.527820332937450454e-01,1.991807595197079006e-01,6.598243907928860175e-01,8.346398865200522765e-01,9.152712710751371716e-01,1.045865770707768316e+00,1.402399258465750531e+00,1.501366714156836535e+00,2.027766630642467760e+00,2.147039852221036327e+00,2.248737149281029968e+00,3.177050407468587245e+00,3.253104912018901285e+00,3.541385025694463007e+00,3.773652709947004080e+00,4.576343758449077370e+00,4.787657131908199304e+00,4.819525755707320336e+00,5.022131425956913198e+00,5.162261006575985078e+00,5.334304837840503133e+00,5.341550934479377233e+00,5.342479050525592577e+00,5.343490546548532727e+00,5.950608614523843265e+00
0.000000000000000000e+00,0.000000000000000000e+00,5.466270882405638298e-01,1.132630147728254544e+00,1.615179274682716049e+00,2.433518988426582652e+00,1.146169019435649972e-02,7.216086438688873450e-04,0.000000000000000000e+00,0.000000000000000000e+00,0.000000000000000000e+00,2.582096307906801336e+00,3.455348582473694030e-02,0.000000000000000000e+00,0.000000000000000000e+00,0.000000000000000000e+00,4.179081870143518174e+00,0.000000000000000000e+00,0.000000000000000000e+00,0.000000000000000000e+00,2.335608340896438428e-01,0.000000000000000000e+00,0.000000000000000000e+00,2.992560831362903739e-01,0.000000000000000000e+00,1.411274345912880424e-01,4.434264726632592413e-01,2.149422927323344723e+00,2.445070108160244615e+00,2.822298378112849004e+00,2.960212050954022178e+00,3.103021233720320460e+00,3.544450314061352358e+00,4.295530389367621993e+00,4.403673768242517994e+00,5.906879990737466279e+00,6.024459621371867968e+00,6.190949850544622102e+00,6.976900485391625217e+00,7.082013315117114516e+00,7.211324047584382058e+00,9.139905083709022549e+00,9.380778802903289915e+00,1.009787281168517836e+01,1.035573234898794048e+01,1.159972278386447009e+01,1.177027495061557083e+01,1.254898670698403151e+01,1.379597775176825891e+01,1.392648915582981850e+01
0.000000000000000000e+00,0.000000000000000000e+00,6.738893400294514446e-01,1.120884783605940349e+00,1.323885544051180752e+00,2.886328773996226449e+00,1.662636852377416263e-01,2.203375840640262318e-01,0.000000000000000000e+00,0.000000000000000000e+00,0.000000000000000000e+00,1.544148745344470663e+00,5.462577819525535339e-02,0.000000000000000000e+00,0.000000000000000000e+00,0.000000000000000000e+00,8.203067039199103405e-01,0.000000000000000000e+00,0.000000000000000000e+00,0.000000000000000000e+00,2.629298019262145125e-01,0.000000000000000000e+00,0.000000000000000000e+00,4.164580226741909641e-02,0.000000000000000000e+00,2.809315380827743236e-01,3.964462628679516487e-01,6.930142439028994517e-01,8.696318400674436511e-01,1.576101500612976380e+00,1.969159994703289174e+00,2.228956589441096536e+00,2.675240782071639067e+00,2.767210783361435666e+00,3.101771576374222406e+00,3.248008479113350777e+00,3.500680294768490963e+00,4.509222731198713419e+00,4.587362351846856257e+00,4.767758756498342798e+00,4.819894631883812508e+00,5.228811050795292736e+00,5.424749472688528584e+00,5.454762503010599062e+00,5.460024548445260528e+00,5.757640507872119784e+00,5.856070016118355426e+00,6.293057603515919141e+00,7.075031932103877708e+00,7.091230730525725612e+00
0.000000000000000000e+00,0.000000000000000000e+00,5.587922800263493972e-01,1.053783218935208321e+00,1.698237099371263659e+00,3.689866561619654650e+00,2.598297494342258762e-01,5.471424483119094462e-02,0.000000000000000000e+00,0.000000000000000000e+00,0.000000000000000000e+00,4.302750914641660707e+00,3.860554010078176557e-02,0.000000000000000000e+00,0.000000000000000000e+00,0.000000000000000000e+00,5.383381513335844915e+00,0.000000000000000000e+00,0.000000000000000000e+00,0.000000000000000000e+00,7.944649130178901841e-02,0.000000000000000000e+00,0.000000000000000000e+00,1.881300235329516068e-01,0.000000000000000000e+00,2.171798535856222512e-01,1.872698133200726978e-01,7.889716852630157540e-01,9.721412709259680263e-01,1.678639415028423176e+00,1.742026201040740130e+00,2.353285277771698158e+00,2.696445852304139468e+00,3.674383501024614418e+00,3.697701262867589378e+00,4.152929928095903556e+00,5.389716753912300540e+00,5.769418272167850859e+00,5.800873486352942976e+00,6.027055390074615104e+00,6.782754853401879558e+00,6.865933922273142365e+00,6.947763975071297615e+00,7.255904124987284654e+00,7.523047988355911819e+00,7.678960904526250353e+00,7.947905487634335131e+00,8.221176739089232299e+00,8.745295590087746262e+00,9.569784377534219288e+00
0.000000000000000000e+00,0.000000000000000000e+00,1.704075940872033179e+00,3.780201680402280329e-01,1.552373013337696284e+00,2.139770147125943822e+00,5.125704730451047242e-02,8.190245734329804073e-03,0.000000000000000000e+00,0.000000000000000000e+00,0.000000000000000000e+00,3.600903292846319381e+00,1.094463097876589852e-01,0.000000000000000000e+00,0.000000000000000000e+00,0.000000000000000000e+00,1.114311511846511227e+00,0.000000000000000000e+00,0.000000000000000000e+00,0.000000000000000000e+00,2.728800908009327286e-01,0.000000000000000000e+00,0.000000000000000000e+00,1.885115604571087067e-01,0.000000000000000000e+00,7.104060312525845022e-02,1.083965800330819323e-01,5.252150524356842265e-01,7.077718243966628631e-01,7.641107747248181425e-01,9.859860526822780136e-01,1.135429849597332064e+00,1.427761411261657232e+00,1.716961109282834741e+00,1.730981440475040101e+00,2.016552278449256885e+00,2.202336113944024287e+00,2.955433895436161862e+00,3.054474920504531177e+00,3.404590602723301718e+00,3.466807392372037722e+00,3.699143950426311722e+00,4.230706038277617154e+00,4.507870291211909297e+00,4.549638872855529925e+00,4.751619421524818421e+00,4.755975845929782508e+00,4.873124355883840408e+00,5.351726501481799403e+00,5.428382334878033788e+00
0.000000000000000000e+00,0.000000000000000000e+00,1.067573564964740873e+00,2.848818790935117029e-01,3.288042052771025681e+00,5.285187583147116896e+00,1.239159882175860650e-01,1.755393007149791407e-02,0.000000000000000000e+00,0.000000000000000000e+00,0.000000000000000000e+00,2.039052035350217285e+00,5.334389540704212451e-02,0.000000000000000000e+00,0.000000000000000000e+00,0.000000000000000000e+00,1.707040460049837227e+00,0.000000000000000000e+00,0.000000000000000000e+00,0.000000000000000000e+00,2.456735918823939324e-01,0.000000000000000000e+00,0.000000000000000000e+00,2.359271660217179267e-01,0.000000000000000000e+00,2.543117322436503347e-01,4.519132937277171858e-02,4.995049631159603765e-02,2.303336633014613499e-01,2.891414577461091096e-01,3.178610597615968980e-01,6.348027122829476010e-01,9.017223769828894842e-01,9.823098810872880060e-01,1.381083252095984149e+00,1.557046751328543310e+00,1.970431592827228906e+00,2.196402116067013743e+00,2.264671194108625052e+00,2.550528515139490526e+00,3.522657886682099004e+00,3.983834114288190786e+00,4.192780465876533746e+00,4.367639975987819945e+00,4.721326923079567806e+00,4.782789737921723905e+00,4.995413127085741145e+00,5.445521538581903798e+00,5.587238431478186662e+00,6.228092443520012900e+00
